[H]C(COC(=O)CCCCCCC)(COC(=O)CCCCCCC)OC(=O)CCCCCCC,Tricaprilin
CC(C)=CCC\C(C)=C\CC\C(C)=C\CO,Farnesol
CS(=O)CCCN=C=S,Iberin
OC(=O)CC1=CC(O)=CC=C1,3-Hydroxyphenylacetic acid
OC(=O)CCC1=CC=CC=C1,Hydrocinnamic acid
CC(=O)C(O)=O,Pyruvic acid
OC(=O)C1CCCCN1,Pipecolic acid
OC[C@@H](O)C(O)[C@H](O)CO,D-Arabitol
CCC(C(O)=O)C(O)=O,Ethylmalonic acid
OC(=O)CCCC1=CNC2=C1C=CC=C2,Indole-3-butyric acid
OC(=O)CCC(O)=O,Succinic acid
C[C@H](CCC(O)=NCC(O)=O)[C@H]1CC[C@H]2[C@@H]3[C@H](O)C[C@@H]4C[C@H](O)CC[C@]4(C)[C@H]3C[C@H](O)[C@]12C,Glycocholic acid
CC1=CN([C@H]2C[C@H](O)[C@@H](CO)O2)C(=O)NC1=O,Thymidine
CCCCCCCCCCCCCCCCCCCCCCCCCC(O)=O,Hexacosanoic acid
N[C@@H](CCCCNC(N)=O)C(O)=O,L-Homocitrulline
OC(=O)CCCCCCCCCC(O)=O,Undecanedioic acid
[H][C@]12C[C@@](O)(C(C)(C)C)[C@]34[C@H](O)C(=O)O[C@@]3([H])OC(=O)[C@]14CC(=O)O2,Bilobalide
CC(=O)C1=C(O)C=C(O)C=C1,"2',4'-Dihydroxyacetophenone"
CN1CC(=O)NC1=O,N-Methylhydantoin
CCOP(O)(=O)OCC,Diethyl phosphate
O[C@@H]1CC2=C(O)C=C(O)C=C2O[C@@H]1C1=CC(O)=C(O)C2=C(O)C(=O)C=C(C=C12)[C@H]1OC2=C(C[C@H]1O)C(O)=CC(O)=C2,Theaflavin
[H][C@@]12CC[C@@]3(CCC(=O)O3)[C@@]1(C)CC[C@@]1([H])[C@@]2([H])C=CC2=CC(=O)CC[C@]12C,Canrenone
C[C@H](O)[C@H](O)C1=NC2=C(NC1)NC(N)=NC2=O,"7,8-Dihydro-L-biopterin"
CCCCCCCCCCCCCCC(O)=O,Pentadecanoic acid
[H][C@@]12CC[C@H](O)[C@@]1(C)CC[C@]1([H])C3=C(CC[C@@]21[H])C=C(O)C(OC)=C3,2-Methoxyestradiol
COC1=CC=CC=C1C(O)=O,2-Methoxybenzoic acid
CC(C)CC(=O)NCC(O)=O,N-Isovaleroylglycine
O[C@@H]1C[C@](O)(C[C@@H](OC(=O)\C=C\C2=CC=C(O)C(O)=C2)[C@@H]1OC(=O)\C=C\C1=CC=C(O)C(O)=C1)C(O)=O,"3,4-Dicaffeoylquinic acid"
[H][C@@]12CC[C@](O)(C(C)=O)[C@@]1(C)CC[C@@]1([H])[C@@]2([H])CCC2=CC(=O)CC[C@]12C,17-Hydroxyprogesterone
CC(C)=CCCC(C)(OC1OC(CO)C(O)C(O)C1O)C1CCC2(C)C1C(O)CC1C3(C)CCC(O)C(C)(C)C3C(O)CC21C,Ginsenoside F1
N[C@@H](CC1=CNC2=C1C=C(O)C=C2)C(O)=O,5-Hydroxytryptophan
[H][C@@]12CC[C@](O)(C(=O)CO)[C@@]1(C)CC[C@@]1([H])[C@@]2([H])CCC2=CC(=O)CC[C@]12C,Cortodoxone
CCC(=O)C(O)=O,2-Oxobutanoic acid
NC(=O)CC1=CNC2=C1C=CC=C2,Indole-3-acetamide
CC(C)C[C@H](O)C(O)=O,(S)-Leucic acid
NC(=O)CC[C@H](NC(=O)CC1=CC=CC=C1)C(O)=O,Phenylacetylglutamine
CN(C)CC(O)=O,N-Methylsarcosine
O=C(\C=C\C=C\C1=CC2=C(OCO2)C=C1)N1CCCCC1,Piperine
[H][C@@]12CC[C@H](C(C)=O)[C@@]1(C)C[C@H](O)[C@@]1([H])[C@@]2([H])CCC2=CC(=O)CC[C@]12C,11beta-Hydroxyprogesterone
CC(C)C12CCC(C)(CC1)O2,"1,4-Cineole"
CCCCCCCCCCCCCCCCO,1-Hexadecanol
CC(=O)N[C@H]1[C@H](O)O[C@H](CO)[C@H](O)[C@@H]1O,D-N-Acetylgalactosamine
CC(C)CC(=O)C(O)=O,4-Methyl-2-oxopentanoic acid
[H][C@@]1(CC[C@@]2([H])[C@]3([H])CC[C@]4([H])C[C@H](O)CC[C@]4(C)[C@@]3([H])CC[C@]12C)[C@H](C)CCC(O)=O,Lithocholic acid
CC(=O)OC[C@H](N)C(O)=O,O-Acetylserine
O[C@@H](CC(O)=O)C(O)=O,(S)-2-Hydroxysuccinic acid
NC1=NC(=O)N(C=C1)[C@@H]1O[C@H](CO)[C@@H](O)[C@@H]1O,Cytarabine
[H][C@@]12CC[C@H](C(C)=O)[C@@]1(C)CC[C@@]1([H])[C@@]2([H])CC[C@@]2([H])C[C@@H](O)CC[C@]12C,Alloepipregnanolone
CC(C)CCC[C@@H](C)CCC[C@@H](C)CCC\C(C)=C\CC1=C(C)C(=O)C2=C(C=CC=C2)C1=O,Vitamin K1
COC1=C(O)C=CC(\C=C\CO)=C1,Coniferyl alcohol
CS(C)(=O)=O,Dimethyl sulfone
CC(C=CC=C(C)C=CC1=C(C)CCCC1(C)C)=C/C=C/C=C(C)/C=C/C=C(C)/C=C/C1=C(C)CCCC1(C)C,beta-Carotene
CC1=CCC(CC=O)C1(C)C,Ac-Ala-OH
C\C=C(/C)C(O)=O,Tiglic acid
OC1=CC(O)=C2C(OC(=C(O)C2=O)C2=CC(O)=C(O)C(O)=C2)=C1,Myricetin
CC(C)C(O)C(O)=O,2-Hydroxy-3-methylbutanoic acid
[H][C@@]12CCC(=O)[C@@]1(C)CC(=O)[C@@]1([H])[C@@]2([H])CCC2=CC(=O)CC[C@]12C,Adrenosterone
OC(=O)C1=CC=CO1,2-Furoic acid
OC(=O)[C@@H](CC1=CC(O)=C(O)C=C1)OC(=O)\C=C\C1=CC(O)=C(O)C=C1,Rosmarinic acid
[H][C@@]12CC(C)(C)CC[C@@]1(CC[C@]1(C)C2=CC[C@]2([H])[C@@]3(C)CC[C@H](O)C(C)(C)[C@]3([H])CC[C@@]12C)C(O)=O,Oleanolic Acid
[H][C@@]1(CC[C@@]2([H])[C@]3([H])CC=C4C[C@@H](O)CC[C@]4(C)[C@@]3([H])CC[C@]12C)[C@H](C)CCCC(C)C,Cholesterol
CCCCCCCCO,1-Octanol
COC1=C(O)C=CC(CC(O)=O)=C1,Homovanillic acid
O[C@H]1CO[C@H](O)[C@H](O)[C@H]1O,L-(+)-Arabinose
CN\C(NCCC[C@H](N)C(O)=O)=N/C,SDMA
OCC1=CC=C(O1)C(O)=O,5-Hydroxymethyl-2-furancarboxylic acid
OC1=CC2=C(C(O)=C1)C(=O)C=C(O2)C1=CC=C(O)C(O)=C1,Luteolin
[H][C@@]1(CC[C@@]2([H])[C@]3([H])[C@@H](O)C[C@]4([H])C[C@H](O)CC[C@]4(C)[C@@]3([H])CC[C@]12C)[C@H](C)CCC(=O)NCC(O)=O,Glycoursodeoxycholic acid
CCCCCCCCCCC(O)=O,Undecanoic acid
CCCCCCCCCCCC(O)=O,Lauric acid
NCCC1=CNC2=C1C=CC=C2,Tryptamine
CC(C)C1=CC(O)=C(C)C=C1,Carvacrol
OC(=O)[C@H]1CCCN1,(R)-pyrrolidine-2-carboxylic acid
[H][C@@](C)(CNC(=O)CC[C@]1(C)[C@@H](CC(N)=O)[C@@]2([H])N([Co]C#N)\C1=C(C)/C1=N/C(=C\C3=N\C(=C(C)/C4=N[C@]2(C)[C@@](C)(CC(N)=O)[C@@H]4CCC(N)=O)\[C@@](C)(CC(N)=O)[C@@H]3CCC(N)=O)/C(C)(C)[C@@H]1CCC(N)=O)OP(O)(=O)O[C@@H]1[C@@H](CO)O[C@@H]([C@@H]1O)N1C=NC2=CC(C)=C(C)C=C12,Vitamin B12
CCC(C)(O)C(O)=O,2-Hydroxy-2-methylbutanoic acid
COC1=C(O)C=CC(CC(=O)C(O)=O)=C1,Vanilpyruvic acid
NC(=O)C1=C[N+]([O-])=CC=C1,Nicotinamide N-oxide
NC1=NC2=C(N=C(O)N2[C@H]2C[C@H](O)[C@@H](CO)O2)C(=O)N1,8-Hydroxy-2'-deoxyguanosine
[H][C@@]1(CC[C@@]2([H])[C@]3([H])[C@H](O)C[C@]4([H])C[C@H](O)CC[C@]4(C)[C@@]3([H])CC[C@]12C)[C@H](C)CCC(=O)NCC(O)=O,Glycochenodeoxycholic acid
COC1=CC(\C=C\C(O)=O)=CC(OC)=C1OC,"3,4,5-Trimethoxycinnamic acid"
OC[C@H](O)[C@@H](O)[C@H](O)[C@H](O)CO,D-Sorbitol
OC(=O)CC1=CNC2=C1C=CC=C2,3-Indoleacetic acid
NC1=C2N=CN([C@@H]3O[C@H](COP(O)(O)=O)[C@@H](O)[C@H]3O)C2=NC=N1,Adenosine monophosphate
OC1=CC=C(C=C1)C1=COC2=CC(O)=CC(O)=C2C1=O,Genistein
CCCCCCCCCCCCCCCCCC(O)=O,Stearic acid
[H][C@@]12CC[C@H](C(C)=O)[C@@]1(C)CC[C@@]1([H])[C@@]2([H])CCC2=CC(=O)CC[C@]12C,Progesterone
N[C@H](CCC(O)=O)C(O)=O,D-Glutamic acid
OC[C@H](O)C(O)[C@@H](O)CO,L-Arabinitol
CC\C=C/C\C=C/C\C=C/C\C=C/C\C=C/CCCC(O)=O,Eicosapentaenoic Acid
C[N+](C)(C)CCOP([O-])(=O)OC[C@H](O)CO,sn-Glycero-3-phosphocholine
N[C@@H](CC1=CN=CN1)C(O)=O,L-Histidine
ClC1=CC2=C(C=C1)C(=C1CCNCC1)C1=C(CC2)C=CC=N1,Desloratadine
CC(=O)NCCC1=CNC2=C1C=C(O)C=C2,N-Acetyl-5-hydroxytryptamine
N[C@@H](CCC(O)=O)C(=O)N[C@@H](CC1=CNC2=CC=CC=C12)C(O)=O,Oglufanide
CC(C)(C1=CC=C(O)C=C1)C1=CC=C(O)C=C1,Bisphenol A
CC(CN)C(O)=O,3-Amino-2-methylpropanoic acid
O=C1NC=CC(=O)N1,Uracil
CC(C)=CCCC(C)(OC1OC(COC2OCC(O)C(O)C2O)C(O)C(O)C1O)C1CCC2(C)C1C(O)CC1C3(C)CCC(OC4OC(CO)C(O)C(O)C4OC4OC(CO)C(O)C(O)C4O)C(C)(C)C3CCC21C,Ginsenoside Rb2
CCCCCCCCCCCCCCCC(O)=O,Palmitic acid
[H][C@]1(O[C@](O)(C[C@H](O)[C@H]1NC(C)=O)C(O)=O)[C@H](O)[C@H](O)CO,N-Acetylneuraminic acid
CC1=CC(=O)C2=CC=CC=C2C1=O,Menadione
OC[C@H]1O[C@H]([C@H](O)[C@@H]1O)N1C=NC2=C(O)N=CN=C12,Inosine
OC(=O)C1=CN=C(O)C=C1,6-Hydroxynicotinic acid
OC(=O)\C=C\C1=CC(O)=CC=C1,(E)-m-Coumaric acid
CC1=CC2=C(C=C1C)N=CN2,"5,6-Dimethyl-1H-benzo[d]imidazole"
N[C@@H](CCCC(O)=O)C(O)=O,L-Ornithine (hydrochloride)
CCCCCCCCCCCCCC(O)=O,Myristic acid
N[C@@H](CO)C(O)=O,L-Serine
CC(C)=CCCC(C)(O)C1CCC2(C)C1C(O)CC1C3(C)CCC(OC4OC(CO)C(O)C(O)C4O)C(C)(C)C3CCC21C,Ginsenoside Rh2
NC(=O)NC1NC(=O)NC1=O,Allantoin
O[C@H](CC1=CC=CC=C1)C(O)=O,D-?(+)?-?Phenyllactic acid
FC1=CNC(=O)NC1=O,5-Fluorouracil
[H][C@@]1(CNC2=C(N1)C(=O)N=C(N)N2)[C@@H](O)[C@H](C)O,Tetrahydrobiopterin
OC(=O)CNC(=O)C1=CC=CC=C1,Hippuric acid
OC[C@H]1O[C@H](O[C@H]2O[C@H](CO)[C@@H](O)[C@H](O)[C@H]2O)[C@H](O)[C@@H](O)[C@@H]1O,D-(+)-Trehalose
S=C1NC2=C(S1)C=CC=C2,2-Mercaptobenzothiazole
OC(=O)[C@@H]1CC(=O)NC(=O)N1,L-Dihydroorotic acid
CC1C(=O)OC2C(O)C34C5OC(=O)C3(OC3OC(=O)C(O)C43C(C5O)C(C)(C)C)C12O,Ginkgolide C
OC(=O)C1=C(O)C=CC(O)=C1,"2,5-Dihydroxybenzoic acid"
OC(=O)C1=NC2=C(O)C=CC=C2C(O)=C1,Xanthurenic acid
NC(=N)N[C@@H](CC(O)=O)C(O)=O,Guanidinosuccinic acid
CCCCC(CC)COC(=O)C1=CC=CC=C1C(O)=O,Phthalic acid mono-2-ethylhexyl ester
C[C@H]1O[C@H]([C@H](O)[C@@H]1O)N1C=NC2=C(N)N=CN=C12,5'-Deoxyadenosine
OC(CC1=CC=CC=C1)C(O)=O,DL-3-Phenyllactic acid
OC1=CC=C2C=C(OC2=C1)C1=CC(O)=CC(O)=C1,Moracin M
OC[C@H]1O[C@H](OC[C@H]2O[C@H](O)[C@H](O)[C@@H](O)[C@@H]2O)[C@H](O)[C@@H](O)[C@H]1O,D-Melibiose
NC1=NC(=O)N(C=C1)[C@H]1C[C@H](O)[C@@H](CO)O1,2'-Deoxycytidine
OC(=O)C\C(=C\C(O)=O)C(O)=O,(Z)-Aconitic acid
N[C@@H](CC(=O)C1=CC=CC=C1N)C(O)=O,L-Kynurenine
[H][C@@]12CC[C@](O)(C(=O)CO)[C@@]1(C)C[C@H](O)[C@@]1([H])[C@@]2([H])CCC2=CC(=O)C=C[C@]12C,Prednisolone
[H][C@@]12[C@@H](O)[C@@]3([H])C(=C(O)C4=C(O)C=CC=C4[C@@]3(C)O)C(=O)[C@]1(O)C(=O)C(C(N)=O)=C(O)[C@H]2N(C)C,Oxytetracycline
[NH3+]CC(O)C1=CC=CC=C1,2-Amino-1-phenylethanol
[H][C@@]12CC[C@H](C(C)=O)[C@@]1(C)CC[C@@]1([H])[C@@]2([H])CC[C@@]2([H])CC(=O)CC[C@]12C,"5a-Pregnane-3,20-dione"
C[C@@H]1NC(=O)N[C@@H]1CCCCCC(O)=O,D-Desthiobiotin
[H][C@@]12CCC([C@@H](C)CCC(O)=O)[C@@]1(C)CC[C@@]1([H])[C@@]2([H])C(=O)C[C@]2([H])C[C@H](O)CC[C@]12C,7-Ketolithocholic acid
N[C@@H](CC(N)=O)C(O)=O,L-Asparagine
N[C@@H](CC1=CC=CC=C1)C(=O)N[C@@H](CC1=CC=CC=C1)C(O)=O,H-Phe-Phe-OH
[H][C@@]1(CC[C@@]2([H])[C@]3([H])CC=C4C[C@@H](O)CC[C@]4(C)[C@@]3([H])CC[C@]12C)[C@H](C)CCC[C@@H](C)CO,27-Hydroxycholesterol
COC1=CC(CCC(=O)CC(=O)CCC2=CC(OC)=C(O)C=C2)=CC=C1O,Tetrahydrocurcumin
N[C@@H](CCC(N)=O)C(O)=O,DL-Glutamine
CC(C)=CCCC(C)(O)C=C,Linalool
O[C@H]1CC2=C(O)C=C(O)C=C2O[C@@H]1C1=CC(O)=C(O)C=C1,Catechin
[H][C@@]1(CC[C@@]2([H])[C@]3([H])CC[C@]4([H])C[C@H](O)CC[C@]4(C)[C@@]3([H])C[C@H](O)[C@]12C)[C@H](C)CCC(O)=O,Deoxycholic acid
NCC[C@H](N)C(O)=O,L-DABA
O[C@@H]1CC2=C(O)C=C(O)C=C2O[C@@H]1C1=CC(O)=C(O)C=C1,(-)-Epicatechin
CC(C)CCC[C@@](C)(O)[C@H]1CC[C@H]2[C@@H]3CC=C4C[C@@H](O)CC[C@]4(C)[C@H]3CC[C@]12C,20(S)-Hydroxycholesterol
NC1=CC=C(C=C1)C(O)=O,4-Aminobenzoic acid
COC1=C(C\C=C(/C)CCC(O)=O)C(O)=C2C(=O)OCC2=C1C,Mycophenolic acid
NC1=NC(NC2CC2)=NC(N)=N1,Cyromazine
OC(=O)C1=C(O)C=CC=C1,Salicylic acid
NC1=NC(=S)C2=C(N1)N=CN2,6-Thioguanine
[H][C@@]12CC[C@H](C(C)=O)[C@@]1(C)CC[C@@]1([H])[C@@]2([H])CC=C2C[C@@H](O)CC[C@]12C,Pregnenolone
CC(C)C[C@H](NC(=O)[C@H](CC1=CC=CC=C1)NC(=O)CNC(=O)CNC(=O)[C@@H](N)CC1=CC=C(O)C=C1)C(O)=O,[Leu5]-Enkephalin
C[C@@H]1OC(O)[C@H](O)[C@H](O)[C@H]1O,Rhamnose
CC1=C(C=C)\C(NC1=O)=C\C1=C(C)C(CCC(O)=O)=C(CC2=C(CCC(O)=O)C(C)=C(N2)\C=C2/NC(=O)C(C=C)=C2C)N1,Bilirubin
N1C=CC2=C1C=CC=C2,Indole
CCCCCCCCCCCCC\C=C\[C@@H](O)[C@@H](N)CO,D-erythro-Sphingosine
OP(O)(=O)O[C@H]1[C@H](OP(O)(O)=O)[C@@H](OP(O)(O)=O)[C@H](OP(O)(O)=O)[C@H](OP(O)(O)=O)[C@@H]1OP(O)(O)=O,Phytic acid
OC[C@H]1O[C@H](O[C@H]2[C@H](O)[C@@H](O)[C@@H](O[C@H]3[C@H](O)[C@@H](O)C(O)O[C@@H]3CO)O[C@@H]2CO)[C@H](O)[C@@H](O)[C@@H]1O,Maltotriose
N1C2=CC=CC=C2C2=CC=NC=C12,Norharmane
OC(=O)C1=CC=CC=N1,PCL 016
CC1=C(O)C(C[NH3+])=C(CO)C=N1,Pyridoxylamine
NC1=C2NC=NC2=NC=N1,Adenine
NC(=O)C1=C(N)N=CN1,5-Amino-3H-imidazole-4-Carboxamide
O[C@@H]1C[C@@](O)(C[C@@H](O)[C@H]1O)C(O)=O,D-(-)-Quinic acid
[H][C@@]12CC[C@@H](O)[C@@]1(C)CC[C@]1([H])C3=C(CC[C@@]21[H])C=C(O)C=C3,Alpha-Estradiol
OC1C(O)C(OC2=C(OC3=CC(O)=CC(O)=C3C2=O)C2=CC=C(O)C(O)=C2)OC(C1O)C(O)=O,Miquelianin
OCC1OC(OC2OC=C(C3CC=C(CO)C23)C(O)=O)C(O)C(O)C1O,Geniposidic acid
COC1=CC(=CC(OC)=C1O)C(O)=O,Syringic acid
[H][C@@]12CCC(=O)[C@@]1(C)CC[C@@]1([H])[C@@]2([H])CCC2C[C@@H](O)CC[C@]12C,Epiandrosterone
CC(=C)C1CCC(CO)=CC1,Perillyl alcohol
[H][C@@]1(CC[C@@]2([H])[C@]3([H])[C@H](O)C[C@]4([H])CC(=O)CC[C@]4(C)[C@@]3([H])C[C@H](O)[C@]12C)[C@H](C)CCC(O)=O,Dehydrocholate (sodium)
NC(=O)C1=CN(C=CC1)[C@@H]1O[C@H](COP(O)(=O)OP(O)(=O)OC[C@H]2O[C@H]([C@H](O)[C@@H]2O)N2C=NC3=C2N=CN=C3N)[C@@H](O)[C@H]1O,NADH (disodium salt)
[H][C@@]12C[C@@H](C)[C@](OC(=O)CC)(C(=O)SCF)[C@@]1(C)C[C@H](O)[C@@]1(F)[C@@]2([H])C[C@H](F)C2=CC(=O)C=C[C@]12C,Fluticasone (propionate)
OC(=O)CCCCCCCCC(O)=O,Decanedioic acid
OC(=O)C1=CC(O)=CC(O)=C1,"3,5-Dihydroxybenzoic acid"
OC[C@H](O)[C@@H](O)[C@@H](O)[C@H](O)CO,Dulcite
CN1CC(=O)NC1=N,Creatinine
OC(=O)C1=CC=C(O)C=C1,4-Hydroxybenzoic acid
O[C@@H](CC(O)=O)C(O)=O,Malic acid
OC1=CC2=C(C=C1)C1=C(C=CC=C1)C(=O)O2,Urolithin B
N[C@H]1[C@H](O)O[C@H](CO)[C@@H](O)[C@@H]1O,Glucosamine (hydrochloride)
NC1=CC(C(O)=O)=C(O)C=C1,5-Aminosalicylic Acid
OC(=O)CCC1=CNC2=C1C=CC=C2,3-Indolepropionic acid
C[C@@H]1O[C@@H](OC[C@H]2O[C@@H](OC3=C(OC4=CC(O)=CC(O)=C4C3=O)C3=CC(O)=C(O)C=C3)[C@H](O)[C@@H](O)[C@@H]2O)[C@H](O)[C@H](O)[C@H]1O,Rutin
OC1=CC(O)=C2C(=O)C[C@H](OC2=C1)C1=CC=C(O)C(O)=C1,Eriodictyol
C[C@@H]1CC[C@]2(C)CC[C@]3(C)C(=CC(=O)C4[C@@]5(C)CC[C@@H](OC(C)=O)[C@@](C)(C5CC[C@@]34C)C(O)=O)[C@@H]2[C@H]1C,AKBA
OC(=O)C1=C(O)C=CC=C1O,"2,6-Dihydroxybenzoic acid"
COC1=CC(C=O)=CC=C1O,Vanillin
CC(=O)C1=CC2=CC=CC=C2C=C1,2-Acetonaphthone
OC1=C(O)C2=C3C(=C1)C(=O)OC1=C3C(=CC(O)=C1O)C(=O)O2,Ellagic acid
OC(=O)CC1=CC=C(O)C=C1,4-Hydroxyphenylacetic acid
CC(=O)N[C@@H](CS)C(O)=O,Acetylcysteine
[H][C@]12[C@@H](CC[C@@]1(CC[C@]1(C)[C@]2([H])CC[C@]2([H])[C@@]3(C)CC[C@H](O)C(C)(C)[C@]3([H])CC[C@@]12C)C(O)=O)C(C)=C,Betulinic acid
OC(=O)C1=CC(O)=C(O)C(O)=C1,Gallic acid
OCC1=CNC2=C1C=CC=C2,Indole-3-carbinol
CC(C)=CCC\C(C)=C/CO,Nerol
COC1=CC=C(C=C1O)[C@@H]1CC(=O)C2=C(O1)C=C(OC1O[C@H](CO[C@H]3O[C@@H](C)[C@@H](O)[C@@H](O)[C@H]3O)[C@H](O)[C@H](O)[C@H]1O)C=C2O,Hesperidin
COC(=O)C1=CC(OC)=C(O)C=C1,Methyl vanillate
CCCCCCCCCCCCCCCC(=O)OCC(O)C1OC(=O)C(O)=C1O,Ascorbyl palmitate
OCCC1=CC=C(O)C=C1,Tyrosol
C1C[C@H]2C(=O)N[C@H](C(=O)N2C1)CC3=CN=CN3.C(=O)(C(F)(F)F)O,Cyclo(his-pro) (TFA)
COC1=C(O)C=CC(=C1)C(O)=O,Vanillic acid
NCCS,Cysteamine hydrochloride
CC(C)=CCCC(C)(O)C1CCC2(C)C1C(O)CC1C3(C)CCC(OC4OC(CO)C(O)C(O)C4OC4OC(CO)C(O)C(O)C4O)C(C)(C)C3CCC21C,20(S)-Ginsenoside Rg3
CN1\C(=C(\O)NC2=CC=CC=N2)C(=O)C2=C(C=C(Cl)S2)S1(=O)=O,Lornoxicam
CCCCC\C=C/C\C=C/CCCCCCCC(O)=O,Linoleic acid
OC[C@H]1O[C@@H](O[C@H]2[C@H](O)[C@@H](O)[C@H](O)O[C@@H]2CO)[C@H](O)[C@@H](O)[C@H]1O,Lactose
[H][C@@]12CC[C@H]([C@H](C)CCC(O)=O)[C@@]1(C)CC[C@@]1([H])[C@@]2([H])C[C@H](O)C2C[C@H](O)CC[C@]12C,Hyodeoxycholic acid
CC1=C(CCO)SC=[N+]1CC1=CN=C(C)N=C1N,Thiamine hydrochloride
C[C@@H](CO)C(O)=O,(S)-3-Hydroxyisobutyric acid
OC[C@H]1O[C@H](O[C@H]2[C@H](O)[C@@H](O)[C@@H](O[C@H]3[C@H](O)[C@@H](O)[C@@H](O[C@H]4[C@H](O)[C@@H](O)C(O)O[C@@H]4CO)O[C@@H]3CO)O[C@@H]2CO)[C@H](O)[C@@H](O)[C@@H]1O,Maltotetraose
CC1=CC=C(C=C1)C(O)=O,p-Toluic acid
C[C@@H](O)C(O)=O,D-(-)-Lactic acid
OC(=O)C1=CC=NC=C1,Isonicotinic acid
NC1=NC2=C(NN=N2)C(O)=N1,8-Azaguanine
N[C@@H](CC1=CNC2=C1C=CC=C2)C(O)=O,L-Tryptophan
OC(=O)\C=C\C1=CNC=N1,Urocanic acid
CC1=CC2=C(C=C1C)N(C3=NC(=O)NC(=O)C3=N2)C[C@@H]([C@@H]([C@@H](COP(=O)(O)OP(=O)(O)OC[C@@H]4[C@H]([C@H]([C@@H](O4)N5C=NC6=C(N=CN=C65)N)O)O)O)O)O,Flavin Adenine Dinucleotide Disodium
OC[C@H](O)[C@H](O)[C@H](O)CO,Ribitol
CC(C)=CCCC(C)(OC1OC(CO)C(O)C(O)C1O)C1CCC2(C)C1C(O)CC1C3(C)CCC(OC4OC(CO)C(O)C(O)C4O)C(C)(C)C3CCC21C,Ginsenoside F2
OC1O[C@H](COP(O)(O)=O)[C@@H](O)[C@H](O)[C@H]1O,D-Glucose 6-phosphate
C[C@@](CCO)(CC(=O)O)O,Mevalonic acid (lithium salt)
CC1=C2NC=C3C2=C(C2=CNC4=C(C)C(=O)C(=O)C3=C24)C(=O)C1=O,Melanin
OC(=O)CC1=C(O)C=CC=C1,2-Hydroxyphenylacetic acid
C([C@@H]1[C@@H]([C@@H]([C@H]([C@H](O1)OC[C@@H]2[C@H]([C@@H]([C@H]([C@H](O2)O[C@]3([C@H]([C@@H]([C@H](O3)CO)O)O)CO)O)O)O)O)O)O)O.O.O.O.O.O,D(+)-Raffinose 
CN1C=NC=C1C[C@H](NC(=O)CCN)C(O)=O,Anserine
OC(=O)\C=C\C=C\C(O)=O,trans-trans-Muconic acid
CSCC[C@H](N)C(O)=O,L-Methionine
OC(=O)CC1=CNC2=C1C=C(O)C=C2,5-Hydroxyindole-3-acetic acid
C1CC(=O)NC(=O)[C@H]1NC(=O)CC2=CC=CC=C2,Antineoplaston A10
C1=CC2=C(C=C1O)C(=CN2)CCN.Cl,Serotonin hydrochloride
OC(=O)C1=CC=CN1,Pyrrole-2-carboxylic acid
CC1=CN([C@@H]2O[C@H](CO)[C@@H](O)[C@H]2O)C(=O)N=C1N,5-Methylcytidine
[H][C@@]12CC[C@H]([C@H](C)CCC(O)=O)[C@@]1(C)CC[C@@]1([H])[C@@]2([H])CC=C2C[C@@H](O)CC[C@]12C,3b-Hydroxy-5-cholenoic acid
CCCCCC\C=C/CCCCCCCCCC(O)=O,trans-Vaccenic acid
OC(=O)CC1=C(O)C=CC(O)=C1,Homogentisic acid
CC(CCC(=O)O)CC(=O)O,3-Methyladipic acid
CC(CC(O)=O)CC(O)=O,3-Methylglutaric acid
CC1=C(C=CC=C1)C(=O)NCC(O)=O,2-(2-Methylbenzamido)acetic acid
C[C@@H](CC(O)=O)C(O)=O,2-Methylsuccinic acid
C[C@]12CC[C@](C[C@H]1C3=CC(=O)[C@@H]4[C@]5(CC[C@@H](C([C@@H]5CC[C@]4([C@@]3(CC2)C)C)(C)C)O)C)(C)C(=O)O,18-Glycyrrhetinic acid
CCCCC(O)C(O)=O,2-Hydroxyhexanoic acid
CC1=C(CCC(O)=O)/C2=C/C3=N/C(=C\C4=C(C)C(CCC(O)=O)=C(N4)/C=C4\N=C(\C=C\1/N\2)C(C)=C4CCC(O)=O)/C(CCC(O)=O)=C3C,Coproporphyrin III
CC(O)(CC(O)=O)CC(O)=O,Meglutol
OC(=O)C1=CC(=O)C2=CC=CC=C2N1,Kynurenic acid
CN1[C@@H]2CC[C@H]1CC(C2)OC(=O)C(CO)C3=CC=CC=C3,Atropine
NCCCCNCCCN,Spermidine
OC1=CC2=C(C=C1)C=CC(=O)O2,Umbelliferone
OC(=O)\C=C/C1=CC(O)=C(O)C=C1,Caffeic acid
CN1C(CCC1=O)C1=CN=CC=C1,Cotinine
CCCC[C@H](N)C(O)=O,L-Norleucine
C[C@H]1[C@@H]([C@H]([C@H]([C@@H](O1)O[C@@H]2[C@H]([C@@H]([C@H](O[C@H]2O[C@@]34CC[C@H]5[C@@]6(CCC[C@@]([C@H]6CC[C@]5(C3)CC4=C)(C)C(=O)O[C@H]7[C@@H]([C@H]([C@@H]([C@H](O7)CO)O)O)O)C)CO)O)O[C@H]8[C@@H]([C@H]([C@@H]([C@H](O8)CO)O)O)O)O)O)O,Rebaudioside C
CC1CCC2(CCC3(C)C(=CCC4C5(C)CC(O)C(O)C(C)(CO)C5C(O)CC34C)C2C1C)C(=O)OC1OC(COC2OC(CO)C(OC3OC(C)C(O)C(O)C3O)C(O)C2O)C(O)C(O)C1O,Madecassoside
OC(=O)C1=CC(O)=CC=C1,3-Hydroxybenzoic acid
OCCC1=CNC2=C1C=CC=C2,2-(1H-Indol-3-yl)ethan-1-ol
C[C@@H]1CCC(=C(C)C)C(=O)C1,Pulegone
COC1=C(O)C=CC(\C=C\C(O)=O)=C1,(E)-Ferulic acid
NCCCCC(O)=O,5-Aminovaleric acid
CNC[C@H](O)C1=CC=C(O)C=C1,p-Synephrine
C[C@@H]1CC[C@H]2C[C@@H](/C(=C/C=C/C=C/[C@H](C[C@H](C(=O)[C@@H]([C@@H](/C(=C/[C@H](C(=O)C[C@H](OC(=O)[C@@H]3CCCCN3C(=O)C(=O)[C@@]1(O2)O)[C@H](C)C[C@@H]4CC[C@H]([C@@H](C4)OC)O)C)/C)O)OC)C)C)/C)OC,Rapamycin
C[C@H](O)C(O)=O,L-Lactic acid
NC[C@H](O)C1=CC(O)=C(O)C=C1,Norepinephrine
OCC(O)=O,Glycolic acid
OC(=O)C1=CC=CN=C1C(O)=O,Quinolinic acid
C[C@@H](O)CC(O)=O,3-Hydroxybutyric acid
C[C@@H](O)[C@H](N)C(O)=O,L-Threonine
NC1=C2N=CN([C@@H]3O[C@H](CO)[C@@H](O)[C@H]3O)C2=NC=N1,Adenosine
C\C(CO)=C/CNC1=C2N=CN=C2N=CN1,trans-Zeatin
CCCCCCCCCC(O)=O,Decanoic acid
CCCCC[C@H](O)\C=C\[C@H]1[C@H](O)CC(=O)[C@@H]1C\C=C/CCCC(O)=O,Prostaglandin E2
CC1=C(CCOP(O)(=O)OP(O)(O)=O)SC=[N+]1CC1=CN=C(C)N=C1N,Thiamine pyrophosphate
O[C@H]1[C@H](O)[C@@H](O)[C@H](O)[C@H](O)[C@@H]1O,i-Inositol
CC(=O)N[C@@H](CC1=CC=CC=C1)C(O)=O,NSC 45699
NCC(=O)CCC(O)=O,5-Aminolevulinic acid (hydrochloride)
CC(CCC1(O)OC2CC3C4CC=C5CC(CCC5(C)C4CCC3(C)C2C1C)OC1OC(CO)C(OC2OC(C)C(O)C(O)C2O)C(O)C1OC1OC(C)C(O)C(O)C1O)COC1OC(CO)C(O)C(O)C1O,Protodioscin
CC(C)C[C@H](NC(C)=O)C(O)=O,N-Acetyl-L-leucine
C(C=O)[C@@H]([C@@H](CO)O)O,Thyminose
CCCCC\C=C/C\C=C/CCCCCCCC(=O)O[C@H]1CC[C@]2(C)C3CC[C@]4(C)C(CCC4C3CC=C2C1)[C@H](C)CCCC(C)C,Cholesteryl linoleate
C[C@H](CCC(=O)NCC(=O)O)[C@H]1CC[C@@H]2[C@@]1([C@H](C[C@H]3[C@H]2CC[C@H]4[C@@]3(CC[C@H](C4)O)C)O)C,Glycodeoxycholic Acid
CC(C)(COP(O)(=O)OP(O)(=O)OC[C@H]1O[C@H]([C@H](O)[C@@H]1OP(O)(O)=O)N1C=NC2=C1N=CN=C2N)[C@@H](O)C(=O)NCCC(=O)NCCS,Coenzyme A
OC[C@H]1O[C@H]([C@H](O)[C@@H]1O)C1=CNC(=O)NC1=O,Pseudouridine
CC[C@H](C)[C@@H](C(=O)N[C@@H](CC1=CN=CN1)C(=O)N2CCC[C@H]2C(=O)N[C@@H](CC3=CC=CC=C3)C(=O)O)NC(=O)[C@H](CC4=CC=C(C=C4)O)NC(=O)[C@H](C(C)C)NC(=O)[C@H](CCCN=C(N)N)N,Angiotensin III (TFA)
C[C@H](CCCC(C)(C)O)[C@@]1([H])CC[C@@]2([H])\C(CCC[C@]12C)=C\C=C1\C[C@@H](O)CCC1=C,Calcifediol
OC[C@H]1O[C@H](O)[C@H](O)[C@@H](O)[C@@H]1O,alpha-D-glucose
C[C@H]1OC(O[C@@H]2C[C@@H]3O[C@@](O)(C[C@H](O)[C@H]3C(O)=O)C[C@@H](O)C[C@H]3O[C@@H]3\C=C\C(=O)O[C@H](C)C\C=C\C=C\C=C\C=C\2)[C@@H](O)[C@@H](N)[C@@H]1O,Natamycin
N[C@@H](CC1=CC(I)=C(OC2=CC(I)=C(O)C(I)=C2)C(I)=C1)C(O)=O,L-Thyroxine
O[C@@H](CC1=CNC2=C1C=CC=C2)C(O)=O,Indolelactic acid
CN(C)C1=NC(=O)C2=C(N1)N(C=N2)[C@@H]1O[C@H](CO)[C@@H](O)[C@H]1O,"N2,N2-Dimethylguanosine"
OC[C@H]1O[C@H]([C@H](O)[C@@H]1O)N1C=NC2=C1N=C(O)N=C2O,Xanthosine
CCCOC(=O)C1=CC=C(O)C=C1,Propylparaben
CCCCCCCCC=CCCCCCCCC(O)=O,Elaidic acid
CN1C(=O)C=CN(C2OC(CO)C(O)C2O)C1=O,3-Methyluridine
OC[C@H]1O[C@@H](O[C@H]2[C@H](O)[C@@H](O)[C@H](O)O[C@@H]2CO)[C@H](O)[C@@H](O)[C@@H]1O,D-(+)-Cellobiose
C1=CC=C(C(=C1)C(=O)C[C@H](C(=O)O)N)N,D-Kynurenine
OC(=O)CCCCCC(O)=O,Pimelic acid
COC1=C(O)C=CC(\C=C\C(O)=O)=C1,Ferulic acid
CN1C=NC2=C(N=CN2[C@@H]2O[C@H](CO)[C@@H](O)[C@H]2O)C1=O,1-Methylinosine
NC1=NC(=O)N(C=C1)[C@H]1C[C@H](O)[C@@H](COP(O)(=O)OP(O)(=O)OP(O)(O)=O)O1,Deoxycytidine triphosphate
[H][C@@](COC(=O)CCCCCCCCCCCCCCCCC)(COP(O)(=O)OCCN)OC(=O)CCCCCCCCCCCCCCCCC,"1,2-Distearoyl-sn-glycero-3-phosphorylethanolamine"
[H][C@@]1(CC[C@@]2([H])[C@]3([H])CC=C4C[C@H](CC[C@]4(C)[C@@]3([H])CC[C@]12C)OC(=O)CCCCCCCCCCCCCCC)[C@H](C)CCCC(C)C,Cholesteryl palmitate
CN1C=NC2=C(C1=N)N=CN2[C@H]3[C@@H]([C@@H]([C@H](O3)CO)O)O,1-Methyladenosine
CN1C=C(C=CC1=O)C(N)=O,Nudifloramide
NC1=NC2=C(NC(=O)N2[C@@H]2O[C@H](CO)[C@@H](O)[C@H]2O)C(=O)N1,8-Hydroxyguanosine
N[C@@H](CC1=CC=CC=C1)C(O)=O,L-Phenylalanine
CC(=O)N[C@@H](CCCNC(N)=N)C(O)=O,Ac-Arg-OH
OC[C@@H](O)[C@@H](O)[C@H](O[C@H]1O[C@H](CO)[C@@H](O)[C@H](O)[C@H]1O)C(=O)CO,Turanose
OC(=O)COC1=CC2=CC=CC=C2C=C1,2-Naphthoxyacetic acid
CN1C(CNC2=CC=C(C=C2)C(=O)N[C@H](CCC(O)=O)C(O)=O)CNC2=C1C(=O)NC(N)=N2,5-Methyltetrahydrofolic acid
[H][C@@]12CC[C@](O)(C(=O)CO)[C@@]1(C)CC(=O)[C@@]1([H])[C@@]2([H])CCC2=CC(=O)CC[C@]12C,Cortisone
[H]OC1=CC=CC(O[H])=C1O[H],Pyrogallol
CCCCCCCC\C=C/CCCCCCCC(O)=O,Oleic acid
O=C1CCNC(=O)N1,"5,6-Dihydrouracil"
[H][C@@]12CC[C@H](C(=O)CO)[C@@]1(C)CC[C@@]1([H])[C@@]2([H])CCC2=CC(=O)CC[C@]12C,Deoxycorticosterone
C[C@]12CC[C@H](C[C@@H]1CC[C@@H]3[C@@H]2CC[C@]4([C@H]3CCC4=O)C)O,Androsterone
O=C1NC(=O)C2=CNNC2=N1,Oxypurinol
CCCC(=O)C(O)=O,2-Oxovaleric acid
OC[C@H]1O[C@@](CO)(OC[C@@]2(O[C@H]3O[C@H](CO)[C@@H](O)[C@H](O)[C@H]3O)O[C@H](CO)[C@@H](O)[C@@H]2O)[C@@H](O)[C@@H]1O,1-Kestose
OC(=O)\C=C\C1=CC=C(O)C=C1,p-Hydroxycinnamic acid
CC[C@H](C)C(=O)C(O)=O,3-Methyl-2-oxovaleric acid
OC(=O)C1CCCCN1,D-Pipecolinic acid
OC(=O)CNC(=O)C1=CC=CC(O)=C1,3-Hydroxyhippuric acid
CC(C)=CCC\C(C)=C\CO,D-Glucuronic acid
CCCCCCCCCCC/C=C\CCCCC(=O)O,Petroselinic acid
C1=NC2=C(N1)C(=S)N=CN2,6-Mercaptopurine
C[C@@]12CCC[C@@]([C@H]1CC[C@]34[C@H]2CC[C@](C3)(C(=C)C4)O[C@H]5[C@@H]([C@H]([C@@H]([C@H](O5)CO)O)O[C@H]6[C@@H]([C@H]([C@@H]([C@H](O6)CO)O)O)O)O[C@H]7[C@@H]([C@H]([C@@H]([C@H](O7)CO)O)O)O)(C)C(=O)O[C@H]8[C@@H]([C@H]([C@@H]([C@H](O8)CO)O)O)O,Rebaudioside A
N[C@@H](CCC(N)=O)C(O)=O,L-Glutamine
N[C@@H](CCCNC(N)=[NH2+])C(O)=O,L-Arginine
[H][C@@]1(CC[C@@]2(O)C3=CC(=O)[C@]4([H])C[C@@H](O)[C@@H](O)C[C@]4(C)[C@@]3([H])CC[C@]12C)[C@@](C)(O)[C@H](O)CCC(C)(C)O,Crustecdysone
N[C@@H](CCC\N=C(/N)N(C)C)C(O)=O,Asymmetric dimethylarginine
CCCCCCCC\C=C/CCCCCCCCCCCC(O)=O,Erucic acid
OC[C@H]1O[C@@](CO)(O[C@H]2O[C@H](CO)[C@@H](O)[C@H](O)[C@H]2O)[C@@H](O)[C@@H]1O,Sucrose
CC1C(=O)OC2C(O)C34C5CC(C(C)(C)C)C33C(O)C(=O)OC3OC4(C(=O)O5)C12O,Ginkgolide B
C[C@@H]1CC[C@@]2(CC[C@@]3(C(=CC[C@H]4[C@]3(CC[C@@H]5[C@@]4(CCC(=O)C5(C)C)C)C)[C@@H]2[C@H]1C)C)C(=O)O,Ursonic acid
[H][C@@]1(CC[C@@]2([H])[C@]3([H])[C@@H](O)C[C@]4([H])C[C@H](O)CC[C@]4(C)[C@@]3([H])CC[C@]12C)[C@H](C)CCC(O)=O,Ursodiol
OCC(O)CO,Glycerol
C[C@]12CC[C@H]3[C@H]([C@@H]1CCC2=O)CC=C4[C@@]3(CC[C@@H](C4)O)C,DHEA
O=C1NC2=C(NC=N2)C(=O)N1,Xanthine
CC1=CC[C@@H]2C[C@H]1C2(C)C,(-)--Pinene
CC(C)=CCC\C(C)=C\CC\C(C)=C\CC\C(C)=C\CC1=C(C)C(=O)C2=CC=CC=C2C1=O,Menaquinone-4
OC(=O)C1=CC=CC=C1,Benzoic acid
CCO[C@H]1[C@@H]([C@H]([C@@H]([C@H](O1)C(=O)O)O)O)O,Ethyl glucuronide
[H][C@@]12[C@@H](C)[C@H](C)CC[C@@]1(CC[C@]1(C)C2=CC[C@]2([H])[C@@]3(C)CC[C@H](O)C(C)(C)[C@]3([H])CC[C@@]12C)C(O)=O,Ursolic acid
OC1=CC=C(CCC(=O)C2=C(O)C=C(O)C=C2O)C=C1,Phloretin
CCC[C@@H](N)C(O)=O,DL-Norvaline
CC(C)=CCCC(C)(OC1OC(COC2OCC(O)C(O)C2O)C(O)C(O)C1O)C1CCC2(C)C1C(O)CC1C3(C)CCC(OC4OC(CO)C(O)C(O)C4O)C(C)(C)C3CCC21C,Gynostemma Extract
OC(=O)[C@@H]1CCCN1,L-Proline
OC[C@H]1O[C@H](O)[C@@H](O)[C@@H](O)[C@@H]1O,D-Mannose
N#CCC1=CNC2=C1C=CC=C2,3-Indoleacetonitrile
OC(C(O)=O)C1=CC(O)=CC=C1,3-Hydroxymandelic Acid
[H][C@@]1(CC[C@@]2([H])[C@]3([H])CCC4=CC(=O)CC[C@]4(C)[C@@]3([H])[C@@]([H])(O)C[C@]12C)C(=O)CO,Corticosterone
C1CSCSC1,"1,3-Dithiane"
OC(=O)CCCCCCCCC=C,10-Undecenoic acid
OC(=O)CCCCCCCCCCCCCCC(O)=O,Hexadecanedioic acid
OC(=O)C\C(=C/C(O)=O)C(O)=O,trans-Aconitic acid
COC1=C(O)C=CC(CCN)=C1,3-Methoxytyramine (hydrochloride)
COC1=CC=C(CC(O)=O)C=C1OC,"3,4-Dimethoxyphenylacetic acid"
OC1=CC=C(C=C1)C1=C(O)C(=O)C2=C(O)C=C(O)C=C2O1,Kaempferol
CC(C)C(=O)C(O)=O,3-Methyl-2-oxobutanoic acid
C1CCC(NC1)C1=CN=CC=C1,() Anabasine
CC1=CC2=C(C=C1C)N(C3=NC(=O)NC(=O)C3=N2)C[C@@H]([C@@H]([C@@H](CO)O)O)O,Riboflavin (phosphate sodium)
OC(=O)\C=C\C(O)=O,Fumaric acid
CC[C@@H](N)C(O)=O,D(-)-2-Aminobutyric acid
NCCC1=CC=C(O)C=C1,Tyramine (hydrochloride)
OC(=O)C1=C(O)C=CC=N1,3-Hydroxypicolinic acid
[H][C@@]12CC[C@](O)(C(=O)CO)[C@@]1(C)C[C@H](O)[C@@]1([H])[C@@]2([H])CCC2=CC(=O)CC[C@]12C,Hydrocortisone
OC[C@H](O)[C@H](O)CO,meso-Erythritol
CC[C@@H](C)[C@H](N)C(O)=O,L-Alloisoleucine
OC(=O)C1=CN=CC=C1,Niacin
CCCCOC(=O)C1=CC=C(O)C=C1,Butylparaben
COC1=CC=CC(OC)=C1C(O)=O,"2,6-Dimethoxybenzoic acid"
CC(=O)C1=C(O)C=CC=C1O,"2,6-Dihydroxyacetophenone"
CC1=CC(O)=CC(C)=C1O,"2,6-Dimethylhydroquinone"
NC1=NC(=O)N(C=C1)[C@@H]1O[C@H](CO)[C@@H](O)[C@H]1O,Cytidine
CN1C=NC2=C1C(=O)NC(=O)N2,7-Methylxanthine
OC[C@H]1OC(O)[C@H](O)[C@@H]1O,D-Ribose(mixture of isomers)
COC1=C(OC)C=C(CCN)C=C1,"3,4-Dimethoxyphenethylamine"
OC(=O)C=O,Glyoxalic acid
CSC[C@H]1O[C@H]([C@H](O)[C@@H]1O)N1C=NC2=C1N=CN=C2N,5'-Methylthioadenosine
CCCCCCCC(O)=O,Octanoic acid
CC(=O)NCC(O)=O,N-Acetylglycine
OC(=O)C1=CNC2=CC=CC=C12,Indole-3-carboxylic acid
OC(=O)CC(O)(CC(O)=O)C(O)=O,Citric acid
CC1=CNC(=O)NC1=O,Thymine
CN1C=[N+]([C@@H]2O[C@H](CO)[C@@H](O)[C@H]2O)C2=C1C(=O)N=C(N)N2,7-Methylguanosine
CC(=O)OC(C)(C)\C=C\C(=O)C(C)(O)C1C(O)CC2(C)C3CC=C4C(CC(O)C(=O)C4(C)C)C3(C)C(=O)CC12C,Cucurbitacin B
OC(=O)\C=C/C(O)=O,Maleic Acid
NC1=C(O)C=CC=C1C(O)=O,3-Hydroxyanthranilic acid
N[C@@H](COP(O)(O)=O)C(O)=O,O-Phospho-L-serine
NC1=CC=NC(=O)N1,Cytosine
CC(C)(CO)[C@@H](O)C(=O)NCCC(=O)NCCSSCCNC(=O)CCNC(=O)[C@H](O)C(C)(C)CO,Pantethine
NC1=NC(=O)C2=NC(CNC3=CC=C(C=C3)C(=O)N[C@@H](CCC(O)=O)C(O)=O)=CN=C2N1,Folic acid
C[C@@H](O)[C@@H](O)C1=CNC2=NC(N)=NC(=O)C2=N1,6-Biopterin
O[C@H]1[C@H](O)[C@@H](O)[C@@H](O)[C@@H](O)[C@H]1O,Scyllo-Inositol
CCCCCC(O)\C=C\C=O,4-Hydroxynonenal
CC(=O)OCC[N+](C)(C)C,Acetylcholine (chloride)
CNCC(O)=O,Sarcosine
OC(=O)CC1=CC(O)=C(O)C=C1,"3,4-Dihydroxybenzeneacetic acid"
CC(C(O)=O)C(O)=O,Methylmalonic acid
CCCCCC\C=C/CCCCCCCCCCCC(O)=O,Paullinic acid
NC=O,Formamide
O[C@@H]1COC(O)[C@H](O)[C@H]1O,Xylose
OC(=O)CNC(=O)C1=CN=CC=C1,Nicotinuric acid
C1=CC=C2C(=C1)C(=CC(=O)O2)O,4-Hydroxycoumarin
C1=CC=C(C=C1)C(C(=O)O)O,2-Hydroxy-2-phenylacetic acid
CNC(=O)C1=CN=CC=C1,N-Methylnicotinamide
C1=CC=C(C=C1)COC(=O)CCC(=O)CN,5-ALA benzyl ester (hydrochloride)
CSCC[C@H](NC(C)=O)C(O)=O,N-Acetyl-L-methionine
[H][C@@]12CCC(=O)[C@@]1(C)C[C@H](O)[C@@]1([H])[C@@]2([H])CCC2=CC(=O)CC[C@]12C,11-Beta-hydroxyandrostenedione
C1=CC(=C(C=C1C[C@@H](C(=O)O)N)I)OC2=CC(=C(C=C2)O)I,"3,3'-Diiodo-L-thyronine"
OC(=O)COC1=CC=CC=C1,Phenoxyacetic acid
O=C1CCCCC1=O,"1,2-Cyclohexanedione"
OC(=O)CCCC[C@@H]1CCSS1,Lipoic acid
CCCCCCCCCCCCCCCCCCO,1-Hydroxyoctadecane
OC(=O)CNC(=O)CC1=CC=CC=C1,2-(2-Phenylacetamido)acetic acid
N[C@@H](CCS)C(O)=O,DL-Homocysteine
CCCCCC\C=C/CCCCCCCC(O)=O,Palmitoleic acid
C[C@@H](CN)C(O)=O,(S)-b-aminoisobutyric acid
[H][C@]12CS[C@@H](CCCCC(=O)NCCCC[C@H](N)C(O)=O)[C@@]1([H])NC(=O)N2,Biocytin
OC1=CC2=C(C=C1)C1=C(C=C(O)C=C1)C(=O)O2,Urolithin A
CCCCCCCCCCCCCCCCCCCCCCCCC(O)=O,Pentacosanoic acid
C1=CN(C(=O)NC1=O)[C@H]2[C@@H]([C@@H]([C@H](O2)COP(=O)(O)OP(=O)(O)O[C@@H]3[C@@H]([C@H]([C@@H]([C@H](O3)CO)O)O)O)O)O,Uridine-5'-diphosphate disodium salt
OC(=O)CP(O)(O)=O,Phosphonoacetic acid
OC(=O)C1=C(O)C(O)=CC=C1,Pyrocatechuic acid
O[C@H]1[C@H](OC(=O)\C=C\C2=CC=C(O)C(O)=C2)C[C@@](O)(C[C@H]1OC(=O)\C=C\C1=CC=C(O)C(O)=C1)C(=O)O,Isochlorogenic acid A
O[C@@H]1C[C@](O)(C[C@@H](OC(=O)\C=C/C2=CC=C(O)C(O)=C2)[C@@H]1O)C(O)=O,Chlorogenic acid
CC1OC(OC2C(O)C(O)C(CO)OC2OC2CC3(C)C(CC(O)C4C(CCC34C)C(C)(CCC=C(C)C)OC3OC(CO)C(O)C(O)C3O)C3(C)CCC(O)C(C)(C)C23)C(O)C(O)C1O,Ginsenoside Re
[H][C@]1(CC2=C(O)C=C(O)C=C2O[C@]1([H])C1=CC(O)=C(O)C(O)=C1)OC(=O)C1=CC(O)=C(O)C(O)=C1,(-)-Epigallocatechin Gallate
NC1=C2N=CN([C@H]3C[C@H](O)[C@@H](CO)O3)C2=NC=N1,2'-Deoxyadenosine monohydrate
OCC1OC(OC2(CCl)OC(CCl)C(O)C2O)C(O)C(O)C1Cl,Sucralose
CC1=C(C2=CC3=C(C(=C([N-]3)C=C4C(=C(C(=N4)C=C5C(=C(C(=N5)C=C1[N-]2)C)C=C)C)C=C)C)CCC(=O)O)CCC(=O)O.[Zn+2],Zinc Protoporphyrin
O[C@H]([C@@H](O)C(O)=O)C(O)=O,L-Tartaric acid
OC[C@@H](O)[C@@H](O)[C@H](O)[C@@H](O)C(O)=O,D-Gluconic acid
CC(=O)NCCCCN,N-Acetylputrescine hydrochloride
[H][C@]12OC=C[C@@]1([H])C1=C(O2)C=C(OC)C2=C1OC(=O)C1=C2CCC1=O,Aflatoxin B1
C[C@H](CCC(O)=O)[C@H]1CC[C@H]2[C@@H]3[C@H](O)C[C@@H]4C[C@H](O)CC[C@]4(C)[C@H]3C[C@H](O)[C@]12C,Cholic acid
CCCCCCCCCCCCCCCCCCCC(O)=O,Arachidic acid
CCCCC\C=C/C\C=C/C\C=C/C\C=C/CCCC(O)=O,Arachidonic acid
OC[C@H]1O[C@H](O)[C@H](O)[C@@H](O)[C@H]1O,D-Galactose
CC(=O)N[C@@H](CC1=CC=C(O)C=C1)C(O)=O,N-Acetyl-L-tyrosine
CC1=CN([C@@H]2O[C@H](CO)[C@@H](O)[C@H]2O)C(=O)NC1=O,5-Methyluridine
CC(=O)N[C@@H](CC(O)=O)C(O)=O,N-Acetyl-L-aspartic acid
NC(=O)C1=C[N+](=CC=C1)[C@@H]1O[C@H](COP([O-])(=O)OP(O)(=O)OC[C@H]2O[C@H]([C@H](O)[C@@H]2O)N2C=NC3=C2N=CN=C3N)[C@@H](O)[C@H]1O,NAD+
C[C@H]1C[C@@H]2[C@H](CC[C@]3([C@H]2CC[C@@]3(C(=O)C)OC(=O)C)C)[C@@]4(C1=CC(=O)CC4)C,Medroxyprogesterone acetate
OC[C@@H](O)C(O)[C@H](O)CO,Xylitol
N[C@@H](CC1=CC(I)=C(OC2=CC(I)=C(O)C=C2)C(I)=C1)C(O)=O,Liothyronine
OCC1=CC=C(O)C=C1,4-Hydroxybenzyl alcohol
C[N+]1(C)CCC[C@H]1C([O-])=O,Stachydrine
OC(=O)CCC1=CC=C(O)C=C1,Desaminotyrosine
OC(C(O)=O)C1=CC=C(O)C=C1,p-Hydroxymandelic acid
CSSSC,Dimethyl trisulfide
CC1=CC(=CC=C1O)C(O)=O,4-Hydroxy-3-methylbenzoic acid
C\C(=C\C(O)=O)C(O)=O,Citraconic acid
NC1=NC=NC2=C1N=CN2[C@H]1C[C@H](O)[C@@H](COP(O)(O)=O)O1,2'-Deoxyadenosine-5'-monophosphate
COC(=O)CC1=CNC2=C1C=CC=C2,Methyl 2-(1H-indol-3-yl)acetate
[H][C@@]1(CC[C@@]2([H])[C@]3([H])[C@H](O)C[C@]4([H])C[C@H](O)CC[C@]4(C)[C@@]3([H])CC[C@]12C)[C@H](C)CCC(O)=O,Chenodeoxycholic Acid
N[C@@H](CCO)C(O)=O,L-Homoserine
NC(N)=N,Guanidine (hydrochloride)
CC(=CCC[C@@](C)([C@H]1CC[C@@]2([C@@H]1[C@@H](C[C@H]3[C@]2(CC[C@@H]4[C@@]3(CC[C@@H](C4(C)C)O[C@H]5[C@@H]([C@H]([C@@H]([C@H](O5)CO)O)O)O[C@H]6[C@@H]([C@H]([C@@H]([C@H](O6)CO)O)O)O)C)C)O)C)O[C@H]7[C@@H]([C@H]([C@@H]([C@H](O7)CO)O)O)O)C,Ginsenoside Rd
[H][C@@]12CCC(=O)[C@@]1(C)CC[C@]1([H])C3=C(CC[C@@]21[H])C=C(O)C=C3,Estrone
CNC[C@H](O)C1=CC(O)=CC=C1,Phenylephrine (hydrochloride)
CCOC(=O)CCC\C=C/C\C=C/C\C=C/C\C=C/C\C=C/CC,Eicosapentaenoic acid ethyl ester
OC1=CC=C(C=C1)[C@@H]1CC(=O)C2=C(O1)C=C(O)C=C2O,Naringenin
C([C@@H]1[C@H]([C@@H]([C@H]([C@H](O1)O[C@@H]2[C@H](OC([C@@H]([C@H]2O)O)O)CO)O)O)O)O,Maltose monohydrate
CC(=O)OCC(=O)[C@]1(CC[C@@H]2[C@@]1(C[C@@H]([C@H]3[C@H]2CCC4=CC(=O)CC[C@]34C)O)C)O,Hydrocortisone acetate
[H][C@@]12CC[C@](O)(C(=O)COC(C)=O)[C@@]1(C)CC(=O)[C@@]1([H])[C@@]2([H])CCC2=CC(=O)CC[C@]12C,Cortisone acetate
COC1C(O)C(CO)OC1N1C=NC2=C(N)N=CN=C12,2'-O-Methyladenosine
OC[C@H]1O[C@H](C[C@@H]1O)N1C=NC2=C1N=CNC2=O,2'-Deoxyinosine
C1CSC(=O)C1N,DL-Homocysteine thiolactone (hydrochloride)
OC(=O)C1=CC(=O)NC(=O)N1,Orotic acid
NC1=CC=C(C=C1)C(=O)NCC(O)=O,4-Aminohippuric acid
CN1C2=C(NC=N2)C(=O)N(C)C1=O,Theophylline
OCCC1=CNC2=CC=C(O)C=C12,5-Hydroxytryptophol
[H][C@@]12CC=C(C(C)=O)[C@@]1(C)CC[C@@]1([H])[C@@]2([H])CCC2=CC(=O)CC[C@]12C,16-?Dehydroprogesterone
NCCC1=CNC=N1,Histamine
NC(=O)NCCC(O)=O,Ureidopropionic acid
OC1=CC=C(C=O)C=C1,p-Hydroxybenzaldehyde
OC(=O)C1=CC2=C(N1)C1=C(N=C(C=C1C(O)=O)C(O)=O)C(=O)C2=O,Pyrroloquinoline quinone
OC(=O)CCCCCCCCCCC(O)=O,Dodecanedioic acid
NCCS(O)(=O)=O,Taurine
OC[C@@H](O)[C@@H](O)[C@H](O)[C@H](O)CO,D-Mannitol
OC[C@H]1O[C@H](C[C@@H]1O)N1C=CC(=O)NC1=O,2'-Deoxyuridine
OCC1=CNC(=O)NC1=O,5-Hydroxymethyluracil
OC(=O)CNC(=O)\C=C\C1=CC=CC=C1,Cinnamoylglycine
OC(=O)C1=CC2=C(N1)C=CC=C2,Indole-2-carboxylic acid
CC\C=C/C\C=C/C\C=C/C\C=C/C\C=C/C\C=C/CCC(O)=O,Docosahexaenoic Acid
CC1=C(C2=CC3=NC(=CC4=NC(=CC5=C(C(=C(N5)C=C1N2)C(C)O)C)C(=C4CCC(=O)O)C)C(=C3C)CCC(=O)O)C(C)O,Hematoporphyrin
OC[C@H]1OC(=O)[C@H](O)[C@@H](O)[C@@H]1O,"D-(+)-Glucono-1,5-lactone"
CC(=O)OC1=CC(C)=C(OC(C)=O)C2=CC=CC=C12,Vitamin K4
CC(C)[C@@H]1CC[C@@H](C)C[C@H]1O,(-)-Menthol
C/C/1=C\CC/C(=C/[C@@H]2[C@@H](CC1)C(=C)C(=O)O2)/C,Costunolide
CN1C=NC2=C1C(O)=NC(=O)N2C,Theobromine
N[C@@H](CC1=CC=C(O)C(I)=C1)C(O)=O,H-Tyr(3-I)-OH
[H][C@@]12COP(O)(=O)O[C@@]1([H])[C@@H](O)[C@@H](O2)N1C=NC2=C1N=CN=C2N,Cyclic AMP
N[C@@H](CCC(O)=O)C(O)=O,(S)-Glutamic acid
CC(C)[C@H](N)C(O)=O,L-Valine
C[C@H](CCC(=O)O)[C@H]1CC[C@@H]2[C@@]1([C@H](C[C@H]3[C@H]2CC[C@H]4[C@@]3(CC[C@H](C4)O)C)O)C,Deoxycholic acid sodium salt
C[C@H](N)C(O)=O,L-Alanine
N[C@@H](CCCNC(N)=N)C(O)=O,L-Arginine (hydrochloride)
NC(CCSSCCC(N)C(O)=O)C(O)=O,L-Homocystine
NCCC[C@H](N)C(O)=O,L-Ornithine
NCCP(O)(O)=O,(2-Aminoethyl)phosphonic acid
OC(=O)[C@@H]1CCCCN1,H-HoPro-OH
C1=NC2=C(N1[C@H]3[C@@H]([C@@H]([C@H](O3)COP(=O)(O)OP(=O)(O)OP(=O)(O)O)O)O)N=C(NC2=O)N,Guanosine 5'-triphosphate (trisodium salt)
N[C@@H](CCCNC(N)=O)C(O)=O,L-Citrulline
C[N+](C)(C)CCOP(O)(=O)OP(O)(=O)OC[C@H]1O[C@H]([C@H](O)[C@@H]1O)N1C=CC(N)=NC1=O,Citicoline
N[C@@H](CS)C(O)=O,L-Cysteine
CC(=O)N[C@@H](CCCN)C(O)=O,N-Acetylornithine
CC(=O)NCCCC[C@H](N)C(O)=O,Nepsilon-Acetyl-L-lysine
CN1C2=C(NC=N2)C(=O)NC1=O,3-Methylxanthine
N[C@@H](CC(O)=O)C(O)=O,L-Aspartic acid
C[Se]CC[C@H](N)C(O)=O,Selenomethionine
CC(C)C[C@H](N)C(=O)N[C@@H](CC1=CC=CC=C1)C(O)=O,Leucyl-phenylalanine
CN1C=NC(C[C@H](N)C(O)=O)=C1,1-Methyl-L-histidine
NCCCCNC(N)=N,Agmatine (sulfate)
NCCCC[C@H](N)C(O)=O,L-Lysine
OC[C@@H](O)COP(O)(O)=O,sn-Glycerol 3-phosphate
OC(=O)CNC(=O)[C@@H]1CCCN1,L-Prolylglycine
N[C@H](CCC(N)=O)C(O)=O,D-Glutamine
CC[C@H](C)[C@H](N)C(O)=O,L-Isoleucine
NC1=NC=NC2=C1N=CN2[C@@H]1O[C@H](COP(O)(=O)OP(O)(=O)OP(O)(O)=O)[C@@H](O)[C@H]1O,ATP
C[N+](C)(C)CCOP(=O)([O-])OP(=O)(O)OC[C@@H]1[C@H]([C@H]([C@@H](O1)N2C=CC(=NC2=O)N)O)O,Citicoline (sodium)
NC(CCSSCCC(N)C(O)=O)C(O)=O,DL-Homocystine
C[C@H](N)C(=O)N[C@@H](CCC(N)=O)C(O)=O,L-Alanyl-L-glutamine
CN1C=NC2=NC=NC2=C1N,1-Methyladenine
N[C@H](CO)C(O)=O,(R)-Serine
[H][C@](N)(CC1=CN=CN1C)C(O)=O,3-Methyl-L-histidine
CC(C)(N)C(O)=O,NSC 16590
CN(CC(=O)O)/C(=N/P(=O)(O)O)/N,Phosphocreatine (disodium)
OC(=O)C1=CC=C(O1)C(O)=O,"2,5-Furandicarboxylic acid"
NCCOP(O)(O)=O,Phosphorylethanolamine
N[C@@H](CSSC[C@H](N)C(O)=O)C(O)=O,L-Cystine
C[N+](C)(C)[C@@H](CC1=CNC(=S)N1)C([O-])=O,Ergothioneine
CS(=O)CC[C@H](N)C(O)=O,L-Methionine sulfoxide
CC(=O)NC1=NC(=O)N(C=C1)[C@H]2[C@@H]([C@@H]([C@H](O2)COP(=O)(O)OP(=O)(O)OP(=O)(O)O)O)O,N4-Acetylcytidine triphosphate (sodium)
NC1=NC(=O)N(C=C1)[C@@H]1O[C@H](COP(O)(O)=O)[C@@H](O)[C@H]1O,5'-Cytidylic acid
C1=C(C2=C(C(=O)C(=O)C3=C2NC(=C3)C(=O)O)N=C1C(=O)O)C(=O)O,Pyrroloquinoline quinone (disodium salt)
NCCC(=O)N[C@@H](CC1=CN=CN1)C(O)=O,L-Carnosine
N[C@@H](CCCCNC(N)=N)C(O)=O,H-HoArg-OH
NC(COP(O)(O)=O)C(O)=O,DL-O-Phosphoserine
CC(=O)N[C@@H]1[C@H]([C@H]([C@H](O[C@H]1O)OS(=O)(=O)O)O)O[C@H]2[C@@H]([C@H]([C@@H]([C@H](O2)C(=O)O)O)O)O,Chondroitin (sulfate)
C[C@@H]([C@H]1CC[C@@H]2[C@@]1(CC[C@H]3[C@H]2CC[C@H]4[C@@]3(CC[C@H](C4)O)C)C)O,Pregnanediol
[H][C@]12C[C@@]3([H])[C@]4([H])CC[C@]5([H])C[C@@H](O)CC[C@]5(C)[C@@]4([H])CC[C@]3(C)[C@@]1([H])[C@H](C)[C@@]1(CC[C@@H](C)CO1)O2,Smilagenin
OC(=O)C(O)=O,Oxalic Acid
OCCC1=CC=C(O)C(O)=C1,Hydroxytyrosol
[H]C(=O)C1=CC=C(C=C1)C(C)C,Cuminaldehyde
CCCCCCCC\C=C/CCCCCCCC(=O)NCCO,Oleoylethanolamide
OC(CC1=CC=CC=C1)C(O)=O,(S)-2-Hydroxy-3-phenylpropanoic acid
COC1=CC2=C(NC=C2CCNC(C)=O)C=C1,Melatonin
CC(=O)NCCCC(O)=O,4-Acetamidobutanoic acid
NC1=C2N=CN([C@H]3C[C@H](O)[C@@H](CO)O3)C2=NC=N1,2'-Deoxyadenosine
O[C@@H]([C@H](O)C1=CC=CC=C1)C1=CC=CC=C1,"(R,R)-(+)-Hydrobenzoin"
NCCCNCCCCNCCCN,Spermine
C[C@H]1[C@@H]([C@H]([C@H]([C@@H](O1)O[C@@H]2[C@H]([C@@H]([C@H](O[C@H]2O[C@H]3C[C@@]4([C@H](C[C@H]([C@H]5[C@]4(CC[C@@H]5[C@@]6(CC[C@@H](O6)C(C)(C)O)C)C)O)[C@@]7([C@@H]3C([C@H](CC7)O)(C)C)C)C)CO)O)O)O)O)O,Pseudoginsenoside F11
OC(=O)CCCCCCCC(O)=O,Azelaic acid
OC1=NC=NC2=C1NC=N2,Hypoxanthine
CC(C)NCC(C1=CC(=C(C=C1)O)O)O,Isoprenaline (hydrochloride)
OC(=O)\C=C\C1=CC=C(O)C=C1,p-Coumaric acid
CC(C)(C)C(=O)OCOP(=O)(COCCN1C=NC2=C(N)N=CN=C12)OCOC(=O)C(C)(C)C,Methylcobalamin
CC1NC(CC2=C1NC1=CC=CC=C21)C(O)=O,Deoxycorticosterone acetate
CC(C)C1(O)CCC(C)=CC1,Terpinen-4-ol
CC1=NC=C(COP(O)(O)=O)C(C=O)=C1O,Pyridoxal phosphate
O[C@@H]1C[C@@](O)(C[C@@H](O)[C@H]1OC(=O)\C=C\C1=CC(O)=C(O)C=C1)C(O)=O,Cryptochlorogenic acid
NC1=NC2=C(N=CN2[C@H]2C[C@H](O)[C@@H](CO)O2)C(=O)N1,2'-Deoxyguanosine
OC[C@H]1O[C@H]([C@H](O)[C@@H]1O)N1C=CC(=O)NC1=O,Uridine
C[N+](C)(C)CCOP(O)(O)=O,Phosphorylcholine
CC(C)[C@H](N)C(=O)N[C@@H](CC1=CC=CC=C1)C(O)=O,L-Valyl-L-phenylalanine
C([C@H]([C@H]([C@@H]([C@H](C=O)O)O)O)O)O,Dextrose
CSCCC(O)=O,3-(Methylthio)propionic acid
C[C@H](CCCC(C)(C)O)[C@H]1CC[C@@H]2[C@@]1(CC[C@H]3[C@H]2CC=C4[C@@]3(CC[C@@H](C4)O)C)C,25-Hydroxycholesterol
OC(=O)C1=CC=C(C=C1)C(O)=O,Terephthalic acid
NC(=O)CCCCC1CCSS1,Lipoamide
CC(=O)NCCC1=CN=CN1,N-Acetylhistamine
O[C@H]1[C@@H](O)[C@@H](O[C@@H]1COP(O)(=O)OP(O)(=O)OP(O)(O)=O)N1C=CC(=O)NC1=O,Uridine triphosphate
O[C@H]1CN[C@@H](C1)C(O)=O,L-Hydroxyproline
OC1=CC=C(C=C1)C1=COC2=C(C=CC(O)=C2)C1=O,Daidzein
CC1(CCOC(=O)C1)O,DL-Mevalonolactone
C1=CC(=CC=C1C(=O)NC2=NC=C(C=C2)N)C(F)(F)F,TFAP
[H][C@@]12CC[C@@](O)(C#C)[C@@]1(C)CC[C@]1([H])C3=C(CC[C@@]21[H])C=C(O)C=C3,Ethynyl Estradiol
C[C@@H]1CC[C@@]2([C@H]([C@H]3[C@@H](O2)C[C@@H]4[C@@]3(CC[C@H]5[C@H]4CC=C6[C@@]5(CC[C@@H](C6)O[C@H]7[C@@H]([C@H]([C@@H]([C@H](O7)CO)O[C@H]8[C@@H]([C@H]([C@@H]([C@H](O8)CO)O)O)O)O)O[C@H]9[C@@H]([C@@H]([C@H]([C@@H](O9)C)O)O)O)C)C)C)OC1,Deltonin
CC(C)(CO)[C@H](C(=O)NCCC(=O)[O-])O.CC(C)(CO)[C@H](C(=O)NCCC(=O)[O-])O.[Ca+2],D-Pantothenic acid (hemicalcium salt)
CC(C)C1=CC2=C(C)C=CC2=C(C)C=C1,Guaiazulene
NC(=O)C1=CC=CN=C1,Nicotinamide
C1=CC(=CC=C1C(CN)O)O,Octopamine (hydrochloride)
CC(C)(O)CC(O)=O,3-Hydroxyisovaleric acid
C\C(\C=C\C1=C(C)CCCC1(C)C)=C/C=C/C(/C)=C/C(O)=O,Retinoic acid
CC(C)(CO)[C@@H](O)C(=O)NCCCO,DL-Panthenol
OC(=O)C(=O)CC1=CC=CC=C1,2-Oxo-3-phenylpropanoic acid
NCCC1=CC=C(O)C=C1,Tyramine
OC(=O)C1=C(O)C=C(O)C=C1,"2,4-Dihydroxybenzoic acid"
CN[C@H](CC(O)=O)C(O)=O,NMDA
O[C@@H]1C[C@@](O)(C[C@@H](OC(=O)\C=C\C2=CC=C(O)C(O)=C2)[C@H]1OC(=O)\C=C\C1=CC=C(O)C(O)=C1)C(O)=O,"4,5-Dicaffeoylquinic acid"
CC(=O)N[C@@H](CCC(N)=O)C(O)=O,Aceglutamide
[H][C@@]12CC[C@H](O)[C@@]1(C)CC[C@]1([H])C3=C(CC[C@@]21[H])C=C(O)C=C3,Estradiol
CC[C@H](N)C(O)=O,H-Abu-OH
CC(C)CCC[C@@H](C)CCC[C@@H](C)CCC[C@]1(C)CCC2=CC(O)=CC(C)=C2O1,Delta-Tocopherol
OC[C@H]1O[C@H]([C@H](O)[C@@H]1O)N1CCC(=O)NC1=O,"5,6-Dihydrouridine"
CC(=O)N[C@H]1[C@H](O)O[C@H](CO)[C@@H](O)[C@@H]1O,N-Acetyl-D-glucosamine
[H][C@@]1(OC(=O)[C@@H](O)[C@H]1O)[C@@H](O)CO,"L-Gulono-1,4-lactone"
C[C@@H]1O[C@@H](O)[C@@H](O)[C@H](O)[C@@H]1O,(-)-Fucose
OC(=O)CCCCCCC(O)=O,Octanedioic acid
OC(=O)CCCC(O)=O,Glutaric acid
NC1=NC2=C(N=CN2[C@@H]2O[C@H](CO)[C@@H](O)[C@H]2O)C(=O)N1,Guanosine
OC[C@H]1O[C@H](O[C@H]2[C@H](O)[C@@H](O)[C@@H](O[C@H]3[C@H](O)[C@@H](O)[C@@H](O[C@H]4[C@H](O)[C@@H](O)[C@@H](O[C@H]5[C@H](O)[C@@H](O)[C@@H](O[C@H]6[C@H](O)[C@@H](O)[C@@H](O)O[C@@H]6CO)O[C@@H]5CO)O[C@@H]4CO)O[C@@H]3CO)O[C@@H]2CO)[C@H](O)[C@@H](O)[C@@H]1O,Maltohexaose
CC(=O)NCCCCNCCCN,N8-Acetylspermidine dihydrochloride
CCCCCCCC\C=C/CCCCCCCC(=O)NCC(O)=O,N-Oleoyl glycine
CC(CCC(O)=O)C(O)=O,2-Methylpentanedioic acid
CC1C(=O)OC2CC34C5CC(C(C)(C)C)C33C(O)C(=O)OC3OC4(C(=O)O5)C12O,Ginkgolide A
CC(=O)[C@H]1CC[C@H]2[C@@H]3CC=C4C[C@H](CC[C@]4(C)[C@H]3CC[C@]12C)OS(O)(=O)=O,Pregnenolone monosulfate
CN1C2=C(NC(=O)N2)C(=O)N(C)C1=O,"1,3-Dimethyluric acid"
N[C@H](CC1=CNC2=C1C=CC=C2)C(O)=O,H-D-Trp-OH
[H][C@@]12C[C@@H](O)[C@H](O)[C@@]1(C)CC[C@]1([H])C3=C(CC[C@@]21[H])C=C(O)C=C3,Estriol
COC1=CC=C(C=C1)C(O)=O,p-Anisic acid
CCCCCCCC\C=C/CCCCCCCCC(O)=O,10Z-Nonadecenoic acid
CN1C(N)=NC2=C(N=CN2[C@@H]2O[C@H](CO)[C@@H](O)[C@H]2O)C1=O,1-Methylguanosine
C12=C(NC(=O)N1)NC(=O)NC2=O,Uric acid
CC(=O)OCC(=O)[C@]1(CC[C@@H]2[C@@]1(C[C@@H]([C@]3([C@H]2CCC4=CC(=O)C=C[C@@]43C)Cl)Cl)C)O,Dichlorisone acetate
CCCCCCCCCCCCCCCCCCCCCC(=O)O,Docosanoic acid
CC1=C(C(=O)C(=C(C1=O)OC)OC)C/C=C(\C)/CC/C=C(\C)/CC/C=C(\C)/CC/C=C(\C)/CC/C=C(\C)/CC/C=C(\C)/CC/C=C(\C)/CC/C=C(\C)/CCC=C(C)C,Coenzyme Q9
CC[C@H](CC[C@@H](C)[C@H]1CC[C@@H]2[C@@]1(CC[C@H]3[C@H]2CC=C4[C@@]3(CC[C@@H](C4)O)C)C)C(C)C,Beta-Sitosterol (purity>80%)
CC(=C)[C@@H]1CC[C@]2([C@H]1[C@H]3CC[C@@H]4[C@]5(CC[C@@H](C([C@@H]5CC[C@]4([C@@]3(CC2)C)C)(C)C)O)C)CO,Betulin
CNC1=NC2=C(C(=O)N1)N=CN2[C@H]3[C@@H]([C@@H]([C@H](O3)CO)O)O,N2-Methylguanosine
CCCCCCCCCCCCCCCC(=O)OC[C@H](COP(=O)([O-])OCC[N+](C)(C)C)OC(=O)CCCCCCC/C=C\C/C=C\CCCCC,Lecithin
C(CSC[C@@H](C(=O)O)N)[C@@H](C(=O)O)N,L-Cystathionine
N[C@H](CS)C(O)=O,D-Cysteine
[H][C@@]12CC[C@](O)(C(C)=O)[C@@]1(C)CC[C@@]1([H])[C@@]2([H])CC=C2C[C@@H](O)CC[C@]12C,17a-Hydroxypregnenolone
CCN1C=C(C(O)=O)C(=O)C2=CC(F)=C(C=C12)N1CCNCC1,Norfloxacin
N[C@H]1[C@H](O)O[C@H](CO)[C@@H](O)[C@@H]1O,Glucosamine
[H][C@@]12C[C@H](O)[C@@]3(C)C(=O)[C@H](O)C4=C(C)[C@H](C[C@@](O)([C@@H](OC(=O)C5=CC=CC=C5)[C@]3([H])[C@@]1(CO2)OC(C)=O)C4(C)C)OC(=O)[C@H](O)[C@@H](NC(=O)OC(C)(C)C)C1=CC=CC=C1,Docetaxel
N[C@@H](CC1=CNC2=C1C=C(O)C=C2)C(O)=O,L-5-Hydroxytryptophan
CC(=CCC[C@@](C)([C@H]1CC[C@@]2([C@@H]1[C@@H](C[C@H]3[C@]2(CC[C@@H]4[C@@]3(CC[C@@H](C4(C)C)O[C@H]5[C@@H]([C@H]([C@@H]([C@H](O5)CO)O)O)O)C)C)O)C)O[C@H]6[C@@H]([C@H]([C@@H]([C@H](O6)CO[C@H]7[C@@H]([C@H]([C@@H]([C@H](O7)CO)O)O)O)O)O)O)C,Gypenoside XVII
CC(C)(CO)[C@@H](O)C(=O)NCCCO,D-Panthenol
[H]C1=C([H])C([H])=C2C(OC([H])([H])C2([H])[H])=C1[H],Coumaran
N[C@@H](CCS)C(O)=O,L-Homocysteine
NC1=NC2=C(N=C(C=N2)C(O)C(O)CO)C(=O)N1,D-(+)-Neopterin
NC(=O)C1=CC=CC=C1,Benzamide
OC1=CC=C(C=C1)C1COC2=C(C=CC(O)=C2)C1=O,Dihydrodaidzein
CCCCCCCCCCCCCC(=O)OCC(CO)O,1-Monomyristin
C/C=C(\CC[C@@H](C)[C@H]1CC[C@@H]2[C@@]1(CC[C@H]3[C@H]2CC=C4[C@@]3(CC[C@@H](C4)O)C)C)/C(C)C,Fucosterol
CCCCCCCCCCCCCCCCCCCCCC(=O)O[C@H]1CC[C@@]2([C@H]3CC[C@]4([C@H]([C@@H]3CC=C2C1)CC[C@@H]4[C@H](C)CCCC(C)C)C)C,Cholesteryl behenate
CC(=O)NCCCCNCCCNC(=O)C,"N1,N8-Diacetylspermidine (hydrochloride)"
NC1=NC=NC2=C1N=CN2[C@@H]1O[C@H](COP(O)(=O)OP(O)(O)=O)[C@@H](O)[C@H]1O,Adenosine 5'-diphosphate
[H][C@@]1(CC[C@@]2([H])C3=C(CC[C@]12C)[C@@]1(C)CC[C@H](O)CC1=CC3)[C@H](C)CCCC(C)C,8-Dehydrocholesterol
OC1=CC=C(C=C1)[C@H]1COC2=CC(O)=CC=C2C1,(-)-(S)-Equol
[H][C@@]1(CC[C@@]2([H])[C@]3([H])CCC4=CC(=O)CC[C@]4(C)[C@@]3([H])CC[C@]12C)[C@H](C)CCCC(C)C,Cholestenone
CCOC(=O)/C=C/C(=O)OCC,Diethyl fumarate
OC(=O)CCC1=CC(O)=C(O)C=C1,Dihydrocaffeic acid
[H][C@@]1(CC[C@@]2([H])[C@]3([H])[C@H](O)C[C@]4([H])C[C@H](O)CC[C@]4(C)[C@@]3([H])CC[C@]12C)[C@H](C)CCC(=O)NCCS(O)(=O)=O,Taurochenodeoxycholic acid
NC1CCCNC1=O,3-Amino-2-piperidinone
CC(=CC[C@@H]1C[C@@]2(C(=O)/C(=C(\C3=CC(=C(C=C3)O)O)/O)/C(=O)[C@@](C2=O)(C1(C)C)CC=C(C)C)C[C@H](CC=C(C)C)C(=C)C)C,Garcinol
OCC1=CNN=C1,4-Hydroxymethylpyrazole
CCCCCCCCCCCCCCCCOC[C@H](COP([O-])(=O)OCC[N+](C)(C)C)OC(C)=O,C16-PAF
C[C@H](CC(=O)C[C@@H](C)C(=O)O)[C@H]1C[C@@H]([C@@]2([C@@]1(CC(=O)C3=C2[C@H](C[C@@H]4[C@@]3(CCC(=O)C4(C)C)C)O)C)C)O,Ganoderic acid A
NC(=N)NCCCC(O)=O,4-Guanidinobutanoic acid
OC(C(O)=O)C1=CC=C(O)C(O)=C1,"3,4-Dihydroxymandelic acid"
CN(CC(O)=O)C(N)=N,Creatine
CC(=O)CC(=O)CCC(O)=O,"4,6-Dioxoheptanoic acid"
CS(=O)CC[C@H](N)C(O)=O,Methionine sulfoxide
[H]OC1=C2OC(=O)C([H])=C([H])C2=C([H])C2=C1OC([H])=C2[H],Xanthotoxol
OC(CCCC(O)=O)C(O)=O,2-Hydroxyadipic acid
CCCCCCCCCCCCCCCCCCCCCC(=O)N[C@@H](COP([O-])(=O)OCC[N+](C)(C)C)[C@H](O)\C=C\CCCCCCCCCCCCC,Sphingomyelin
CC1=CC=C(O)C(O)=C1,4-Methylcatechol
CC1=CN(C(=O)N=C1N)[C@H]2C[C@@H]([C@H](O2)CO)O,5-Methyl-2'-deoxycytidine
OC(=O)CCCCC(O)=O,Adipic acid
CC(C)=CCCC(C)(O)C1CCC2(C)C1C(O)CC1C3(C)CCC(O)C(C)(C)C3C(CC21C)OC1OC(CO)C(O)C(O)C1OC1OC(CO)C(O)C(O)C1O,Ginsenoside Rf
NCCS(O)=O,Hypotaurine
NC(CC1=CC(Cl)=C(O)C=C1)C(O)=O,3-Chloro-L-tyrosine
CC1=C(N)NC(=O)N=C1,5-Methylcytosine
C[C@@H](N)C(O)=O,D-Alanine
O[C@H]1[C@@H](O)[C@@H](O[C@@H]1COP(O)(O)=O)N1C=CC(=O)NC1=O,Uridine 5'-monophosphate
C(CCC/C=C/C(=O)O)CCCO,Royal Jelly acid
OCC1=CC=CC=C1C(O)=O,2-hydroxymethyl benzoic acid
OC1=CC=C(C=O)C(O)=C1,"2,4-Dihydroxybenzaldehyde"
N[C@@H](CCSC[C@H]1O[C@H]([C@H](O)[C@@H]1O)N1C=NC2=C1N=CN=C2N)C(O)=O,SAH
CC1=C(O)C(=O)C=CO1,Maltol
C\C(\C=C\C=C(/C)\C=C\C1=C(C)CCCC1(C)C)=C/C=C/C=C(\C)/C=C/C=C(\C)/C=C/C1=C(C)CCCC1(C)C,beta-Carotene
C[N+](C)(C)C[C@@H](CC(=O)[O-])O,L-Carnitine (hydrochloride)
C[C@@H](CCO)CCC=C(C)C,(R)-Citronellol
C[C@H](O)CC(O)=O,(S)-3-Hydroxybutanoic acid
COC(=O)C1=CC=C(O)C=C1,Methyl Paraben
COC1=CC=C(C=O)C=C1,4-Methoxybenzaldehyde
CC(C)=CCCC(C)=CCCC(C)(O)C=C,Nerolidol
CC(=C)C1CCC(\C=N\O)=CC1,Perillartine
O[C@@H]1CC(=C[C@@H](O)[C@H]1O)C(O)=O,Shikimic acid
N[C@@H](CCCC(O)=O)C(O)=O,Aminoadipic acid
OC1=CC2=CC=CC=C2C=C1,2-Naphthol
COC1=CC=C(\C=C\C(O)=O)C=C1,4-Methoxycinnamic acid
CC(N)=O,Acetamide
OC(=O)\C=C\C1=CC=CC=C1,Cinnamic acid
CCCCCCCCCCCCCCCC(=O)NCCO,Impulsin
OC[C@@H](O)[C@@H](O)[C@H](O)[C@@H](O)C(O)=O,Gluconate (sodium)
CC1(C)OC2CC(=O)OCC22C1CC(=O)C1(C)C2CCC2(C)C(OC(=O)C3OC123)C1=COC=C1,Limonin
COC1=NC=CC(N)=N1,2-O-Methylcytosine
N1C=NC2=C1C=NC=N2,Purine
CC(C)=CCCC(C)(O)C1CCC2(C)C1C(O)CC1C3(C)CCC(O)C(C)(C)C3C(CC21C)OC1OC(CO)C(O)C(O)C1O,Ginsenoside Rh1
CC(C(O)=O)C1=CC=CC=C1,2-Phenylpropionic acid
NCC(=O)N1CCC[C@H]1C(O)=O,H-Gly-Pro-OH
CC(C)[C@@H](N)CC(O)=O,3-Amino-4-methylpentanoic acid
COC(=O)C1=CC=CO1,Methyl 2-furoate
C[C@]12CC[C@H]3[C@H]([C@@H]1CC[C@@H]2OC(=O)CCCCCCCCC=C)CCC4=CC(=O)C=C[C@]34C,Boldenone Undecylenate
COC1=C(O)C=CC=C1,Guaiacol
COC1=C(O)C=CC(=C1)C1=C(O)C(=O)C2=C(O)C=C(O)C=C2O1,Isorhamnetin
C\C=C/C=C/C=C\CC\C=C\C(\O)=N\CC(C)(C)O,Hydroxy--sanshool
CC(=C)C1CCC(CO)=CC1,(S)-(?)-Perillyl alcohol
CC(C)=CCC\C(C)=C\CC\C(C)=C\CC\C=C(/C)CC\C=C(/C)CCC=C(C)C,Squalene
N[C@@H](CCC(=O)N[C@@H](CSSC[C@H](NC(=O)CC[C@H](N)C(O)=O)C(=O)NCC(O)=O)C(=O)NCC(O)=O)C(O)=O,Glutathione oxidized
CC1CCC2(CCC3(C)C(=CCC4C5(C)CC(O)C(O)C(C)(CO)C5CCC34C)C2C1C)C(=O)OC1OC(COC2OC(CO)C(OC3OC(C)C(O)C(O)C3O)C(O)C2O)C(O)C(O)C1O,Asiaticoside
CC(C)CCC[C@@H](C)CCC[C@@H](C)CCC[C@]1(C)CCC2=C(C)C(O)=C(C)C(C)=C2O1,Vitamin E
OC(=O)CCCC[C@H]1CCSS1,a-Lipoic Acid
C([C@@H]([C@@H]1C(=C(C(=O)O1)OP(=O)(O)O)O)O)O,2-Phospho-L-ascorbic acid (trisodium)
COC(=O)\C=C\C(=O)OC,Dimethyl fumarate
CSCC=C,Allyl methyl sulfide
OC[C@H]1O[C@H](OC[C@H]2O[C@H](O[C@H]3[C@H](O)[C@@H](O)[C@@H](O)O[C@@H]3CO)[C@H](O)[C@@H](O)[C@@H]2O[C@H]2O[C@H](CO)[C@@H](O)[C@H](O)[C@H]2O)[C@H](O)[C@@H](O)[C@@H]1O,Glycogen
CC(C)=CC(O)=O,3-Methylbut-2-enoic acid
OC(=O)CC(=O)C(O)=O,2-Oxosuccinic acid
C\C=C\C=C\C(O)=O,Sorbic acid
CC1=CC(=O)CC1,3-Methyl-2-cyclopenten-1-one
NC(C(O)=O)C(O)=O,Aminomalonic acid
OC(=O)C1CCCCC1,Cyclohexanecarboxylic acid
CC(=O)NCCCCCN,N-(5-Aminopentyl)acetamide
CC(C)=CCC\C(C)=C\CO,Geraniol
OC1=CC=CC=N1,2-Hydroxypyridine
CC12CCC3C(CC3(C)C)C(=C)CCC1O2,Caryophyllene oxide
NC(N)=O,Urea
[H]C(COC(=O)CCCCCCC\C=C/CCCCCCCC)(COC(=O)CCCCCCC\C=C/CCCCCCCC)OC(=O)CCCCCCC\C=C/CCCCCCCC,Triolein
NCCCC(O)=O,gamma-Aminobutyric acid
CC(=O)CCC(O)=O,Levulinic acid
O=C1CCSC1,Tetrahydrothiophen-3-one
OC1=C(Br)C=CC=C1Br,"2,6-Dibromophenol"
CC1=CC=C(C=C1)C1=CC=CC=C1,4-Methylbiphenyl
CC(=O)C1=C(C)C=CC=C1,2-Methylacetophenone
CC(=O)OCC(COC(C)=O)OC(C)=O,Triacetin
CC(=O)O[C@H](CC(O)=O)C[N+](C)(C)C,Acetyl-L-carnitine (hydrochloride)
CC1=CC=C(C=O)C=C1,p-Tolualdehyde
CC1=CNC2=C1C=CC=C2,Skatole
COC1=CC=C(CC(O)=O)C=C1,2-(4-Methoxyphenyl)acetic acid
C[C@@H](O)CC(O)=O,(R)-3-Hydroxybutanoic acid
CCC1=CC=C(O)C=C1,4-Ethylphenol
C/C=C/C1=CC=C(C=C1)OC,Trans-Anethole
CC(C)CC(O)=O,3-Methylbutanoic acid
C[C@@H](O)CO,"(S)-(+)-1,2-Propanediol"
[H][C@@]1(CC[C@@]2([H])\C(CCC[C@]12C)=C\C=C1\C[C@@H](O)CCC1=C)[C@H](C)\C=C\[C@H](C)C(C)C,Vitamin D2
C[C@@]12CC[C@@H](C1(C)C)C[C@@H]2O,(+)-Borneol
C[Se]CC[C@H](N)C(O)=O,L-SelenoMethionine
CC12CCCC(=C)C1CC1C(C2)OC(=O)C1=C,Isoalantolactone
N[C@@H](CCC(=O)N[C@@H](CC1=CC=CC=C1)C(O)=O)C(O)=O,gamma-Glutamylphenylalanine
[H][C@]1(CC[C@]2(C)C3=C(CC[C@@]12C)[C@@]1(C)CC[C@H](O)C(C)(C)[C@]1([H])CC3)[C@H](C)CCC=C(C)C,Euphol
CNC1=NC=NC2=C1N=CN2[C@@H]1O[C@H](CO)[C@@H](O)[C@H]1O,N6-Methyladenosine
CC(C)C1=CC=CC(C(C)C)=C1O,Propofol
C([C@@H]1[C@H]([C@@H]([C@H]([C@H](O1)OP(=O)(O)O)O)O)O)O,alpha-D-glucose-1-phosphate
CCCCC\C=C/C\C=C/C\C=C/C\C=C/CCCC(=O)NCCO,Anandamide
OC(=O)\C=C\C1=CC=CC=C1,trans-Cinnamic acid
COC1=C(O)C=CC(C)=C1,Creosol
C1=CC=C2C(=C1)C=CC=C2O,1-Naphthol
COC1=CC=CC(=C1)C(=O)O,3-Methoxybenzoic acid
C[C@H](CCCC(C)C)[C@H]1CC[C@@H]2[C@@]1(CC[C@H]3[C@H]2CC[C@@H]4[C@@]3(CC[C@@H](C4)O)C)C,5-Cholestan-3-ol
NC(=O)C1=C[N+](=CC=C1)[C@@H]1O[C@H](COP(O)(O)=O)[C@@H](O)[C@H]1O,beta-Nicotinamide ribose monophosphate
N[C@H](CC(O)=O)C(O)=O,(-)-Aspartic acid
C[C@H](NC(=O)CC[C@H](N)C(O)=O)C(O)=O,gamma-Glutamylalanine
NCC(O)=O,Glycine
NCCC(O)=O,beta-Alanine
C1=NC2=C(N1[C@H]3[C@@H]([C@@H]([C@H](O3)COP(=O)(O)O)O)O)N=C(NC2=O)N,5'-Guanylic acid (disodium salt)
C[C@H](CCC(=O)NCCS(=O)(=O)O)[C@H]1CC[C@@H]2[C@@]1([C@H](C[C@H]3[C@H]2[C@@H](C[C@H]4[C@@]3(CC[C@H](C4)O)C)O)O)C,Taurocholic acid (sodium salt hydrate)
CO[C@@H]1[C@@H]([C@@H]([C@@H](OC1C(=O)[O-])O[C@@H]2[C@@H]([C@@H]([C@@H](OC2COS(=O)(=O)[O-])O[C@@H]3[C@@H]([C@@H]([C@@H](OC3C(=O)[O-])O[C@@H]4[C@@H]([C@@H]([C@@H](OC4COS(=O)(=O)[O-])OC)NS(=O)(=O)[O-])OS(=O)(=O)[O-])O)O)NS(=O)(=O)[O-])O)OS(=O)(=O)[O-])O.N,Heparan Sulfate
CCCCCC=C/CC=C/C=C/C=C/[C@@H](SC[C@H](NC(=O)CC[C@H](N)C(O)=O)C(=O)NCC(O)=O)[C@@H](O)CCCC(O)=O,Leukotriene C4
CCCCCC=C/CC=C/C=C/C=C/[C@@H](SCC(N)C(=O)NCC(O)=O)[C@@H](O)CCCC(O)=O,Leukotriene D4
CCCCCC=C/C[C@@H](O)C=CC=CC=C/[C@@H](O)CCCC(O)=O,Leukotriene B4
CCC=C/C(O)CC=CC=C/CC=C/CC=C/CCCC(O)=O,15(S)-HEPE
C[C@H](O)CCCC=C/CC=C/CC=C/CC=C/CCCC(O)=O,19(S)-HETE
CCCCCC=C/CC=C/CC=C/C=C/C(=O)CCCC(O)=O,5-OxoETE
CCC=C/CC=C/CC(O)C=CC=C/CC=C/CCCC(O)=O,()12-HEPE
CCCCCC=CCC1OC1CC=C/CC=CCCCC(O)=O,()11(12)-EET
CCCCC[C@H](OO)C=CC=C/CC=C/CC=C/CCCC(O)=O,15(S)-HpETE
CCCCCC=C/CC=C/C=C/[C@@H](O)CC=C/CCCC(O)=O,8(S)-HETE
CCC=C/CC1OC1CC=C/CC=C/CC=C/CCCC(O)=O,()14(15)-EpETE
CCCCC[C@H](O)C=CC=C/CC=C/CC=C/CCCC(O)=O,15(S)-HETE
CCC=C/CC=C/CC=C/CC=C/C=C/C(O)CCCC(O)=O,5(S)-HEPE
CCCCCC=C/CC(O)C=C/C=CCC=CCCCC(O)=O,12(S)-HETE
CCCCCC(=O)C=CC=C/CC=C/CC=C/CCCC(O)=O,15-OxoETE
CCCCCC=C/C[C@H](OO)C=CC=C/CC=C/CCCC(O)=O,12(S)-HpETE
CCCCCC=C/C=C[C@H](O)CC=C/CC=CCCCC(O)=O,11(R)-HETE
CCCCCC=C/CC(=O)C=CC=C/CC=C/CCCC(O)=O,12-OxoETE
CCCCCC=C/CC=C/CC=C/C=C/[C@@H](O)CCCC(O)=O,5(S)-HETE
OCCCCCC=C/CC=C/CC=C/CC=C/CCCC(O)=O,20-HETE
CCCCCC=C/CC=C/CC=C/CCCCCCC(O)=O,Dihomo--Linolenic Acid
CCCCCC=C/CC=C/CC=C/C=C/[C@H](CCCC(O)=O)OO,5(S)-HpETE
CC\C=C/C/C=C\C=C\[C@H](O)C\C=C/C\C=C/CCCC([O-])=O,11(R)-HEPE
CCCC[C@@H](O)C=C/CC=C/CC=C/CC=C/CCCC(O)=O,16(R)-HETE
CCCCCC=C/CC=C/CC(O)C=C/C=C/CCCC(O)=O,()9-HETE
CCCCCC1OC1CC=C/CC=C/CC=C/CCCC(O)=O,"14,15-EET"
CCCCCC=C/CC=C/CC1OC1CC=C/CCCC(O)=O,"()8,9-Epoxyeicosa-5Z,11Z,14Z-trienoic?acid"
CCCCCC=C/CC(=O)C=CC=CC=C/[C@@H](O)CCCC(O)=O,12-oxo Leukotriene B4
CCCCC[C@H](O)C=CC1C=CC(=O)C1CC=CCCCC(O)=O,Prostaglandin A2
CCCCC[C@@H](O)C=CC1=C(CC=C/CCCC(O)=O)C(=O)CC1,Prostaglandin B2
CCCCC[C@H](O)CC=C1/[C@@H](CC=C/CCCC(O)=O)C=CC1=O,12-Prostaglandin J2
CCCCC[C@H](O)C=C[C@H]1[C@H](O)C[C@@H](O)[C@H]1CC=C/CCCC(O)=O,8-iso Prostaglandin F2
CCCCCC(=O)CC[C@H]1C=CC(=O)[C@@H]1CC=C/CCCC(O)=O,"13,14-dihydro-15-keto Prostaglandin A2"
CCCCC[C@H](O)C=CC1=C(CCCCCCC(O)=O)C(=O)CC1,prostaglandin B1
CCCCC[C@H](O)C=C[C@H]1[C@H](O)C[C@@H](O)[C@@H]1CC=C/CCCC(O)=O,prostaglandin F2b
CCCCC[C@H](O)C=C[C@H]1[C@@H](O)C[C@H](O)[C@@H]1CC(=O)CCC(O)=O,"2,3-Dinor-6-keto-prostaglandin F1 a"
CCCCCCCCCCCCCCCC(O)=O,Palmitic acid
CCCCC[C@H](O)C=C[C@H]1[C@H](O)CC(=O)[C@@H]1CCCCCCC(O)=O,prostaglandin E1
CCCCC[C@H](O)C=C[C@H]1C=CC(=O)[C@@H]1CCCCCCC(O)=O,prostaglandin A1
CCCCCCCCCCCCCCCC(=O)O[C@H](CC([O-])=O)C[N+](C)(C)C,palmitoylcarnitinePC
